Reference (Strand)	Position	Read-count	Fold-change
JN555585-	86017	13.0	3.1397247637666137
JN555585-	78849	6.0	2.1413558493455414
JN555585-	54275	32.0	4.553743770210436
JN555585-	86021	33.0	4.584962500821157
JN555585-	86020	38.0	4.814968106267479
JN555585-	86022	9.0	2.5897795171189317
JN555585-	21512	4.0	1.964376090369279
JN555585-	86024	6.0	1.9904139512708021
JN555585-	125963	37.0	4.549528807326571
JN555585-	125962	11.0	2.685435293626124
JN555585-	125965	22.0	3.7326004017048042
JN555585-	28684	359.0	6.791846220813151
JN555585-	125964	62.0	5.413177157353316
JN555585-	28685	83.0	4.167146579805592
JN555585-	28686	21.0	2.0907297762755737
JN555585-	28687	271.0	6.202443275171584
JN555585-	42000	5.0	2.2584251526812045
JN555585-	58385	30.0	4.850307067342151
JN555585-	74771	12.0	3.3388584906472185
JN555585-	29714	5.0	2.3075728020102924
JN555585-	74773	10.0	3.063710705163748
JN555585-	33813	12.0	3.157356328039257
JN555585-	33814	29.0	4.52455726150238
JN555585-	34838	4.0	1.9434164717336324
JN555585-	33817	7.0	2.379748749375705
JN555585-	73755	20.0	3.473931188432412
JN555585-	134169	5.0	2.0954195651786827
JN555585-	73754	7.0	1.9081792916770912
JN555585-	59420	5.0	2.1648843848417822
JN555585-	27677	8.0	2.7858751947471525
JN555585-	137244	5.0	2.300448367576911
JN555585-	104479	8.0	1.9227570011675397
JN555585-	59422	5.0	2.1648843848417822
JN555585-	64545	6.0	2.402270203304966
JN555585-	61474	64.0	5.519734878045537
JN555585-	78883	10.0	2.894321922205463
JN555585-	61475	15.0	3.1931947808651597
JN555585-	61476	14.0	3.089267338197087
JN555585-	64548	7.0	2.624662624641414
JN555585-	105508	7.0	2.5443205163238107
JN555585-	104487	8.0	1.936497057793842
JN555585-	105510	8.0	2.742989381893976
JN555585-	103467	30.0	4.447458977071221
JN555585-	104491	8.0	1.9330497561753732
JN555585-	106539	296.0	5.2382930486820385
JN555585-	104490	8.0	1.9330497561753732
JN555585-	106538	829.0	7.323204867815073
JN555585-	43051	8.0	2.9785202726895488
JN555585-	104493	10.0	2.265344566620995
JN555585-	106541	433.0	5.918935429543938
JN555585-	108591	4.0	1.8494403235246186
JN555585-	104494	9.0	2.1098776178723737
JN555585-	74803	6.0	2.32072634949121
JN555585-	104498	12.0	2.5283789724547887
JN555585-	74802	7.0	2.5491375323339898
JN555585-	129074	5.0	2.2863041852566415
JN555585-	145462	399.0	6.1651600533735635
JN555585-	24631	16.0	3.84295628995442
JN555585-	145461	627.0	7.1466441777064045
JN555585-	24634	12.0	3.402270203304966
JN555585-	107579	8.0	2.8300749986576874
JN555585-	145464	112.0	4.001030864767576
JN555585-	145465	106.0	3.9133700312013917
JN555585-	131135	4.0	1.9023892034735777
JN555585-	41023	13.0	3.6438561898747253
JN555585-	107582	14.0	3.6764240523311558
JN555585-	73794	9.0	2.2668867314294006
JN555585-	67652	10.0	3.286304185256641
JN555585-	73796	10.0	2.4227524645068494
JN555585-	73798	43.0	4.660730008439121
JN555585-	103497	8.0	2.367731784600487
JN555585-	138314	10.0	2.1552126500209403
JN555585-	60489	4.0	1.8429562899544198
JN555585-	116811	10.0	3.15180273314741
JN555585-	103498	9.0	2.5469946506221355
JN555585-	104524	13.0	2.6718705660443214
JN555585-	138319	74.0	5.264594919921411
JN555585-	115791	4.0	1.9227570011675397
JN555585-	138322	14.0	2.6535495860785687
JN555585-	138320	28.0	3.6996670528432305
JN555585-	103511	16.0	3.4006822064017737
JN555585-	63583	9.0	2.6043278256880873
JN555585-	26721	10.0	3.2243172983609405
JN555585-	46179	5.0	2.1627294998814177
JN555585-	60517	6.0	2.4086397281806935
JN555585-	143467	6.0	2.440916131204449
JN555585-	130156	5.0	2.31114825623412
JN555585-	46199	4.0	1.8300749986576879
JN555585-	46200	6.0	2.4279187906755766
JN555585-	138370	19.0	3.1503167169171635
JN555585-	138372	11.0	2.361820822110875
JN555585-	112774	18.0	4.0000000001
JN555585-	135306	80.0	3.729770092862003
JN555585-	91272	5.0	1.926865295469785
JN555585-	135305	975.0	9.292343828381096
JN555585-	102541	53.0	5.5009377437253155
JN555585-	138392	38.0	4.284453389568699
JN555585-	27803	6.0	2.494109070370043
JN555585-	114849	4.0	1.9227570011675397
JN555585-	144547	8.0	1.8856329751479999
JN555585-	63650	13.0	3.1544713491358
JN555585-	117925	32.14285659790039	4.253677653392544
JN555585-	63652	39.0	4.873975973235783
JN555585-	102567	7.0	2.3112662790803546
JN555585-	109735	14.0	3.5870249672780483
JN555585-	63654	19.0	3.731912366539921
JN555585-	117926	9.0	2.3213557126991415
JN555585-	64679	4.0	1.9296106722086022
JN555585-	134315	47.0	5.192820492358484
JN555585-	143531	4.0	1.8624964763500653
JN555585-	134313	9.0	2.614108846480673
JN555585-	57516	4.0	1.8429562899544198
JN555585-	136367	6.0	2.4279187906755766
JN555585-	57517	5.0	2.171368418411981
JN555585-	134316	15.0	3.3758211029825644
JN555585-	13487	6.0	2.440916131204449
JN555585-	136368	4.0	1.8300749986576879
JN555585-	84146	404.0	8.401200864645771
JN555585-	66741	8.0	2.7858751947471525
JN555585-	93367	4.0	1.971430847903229
JN555585-	63670	11.0	2.9036154636756577
JN555585-	16567	5.0	2.3147325935831584
JN555585-	69823	13.0	3.650808950516492
JN555585-	131267	8.0	2.862496476350065
JN555585-	131264	7.0	2.6633085525408973
JN555585-	20679	36.0	5.065588341727577
JN555585-	41159	4.0	1.936196965292092
JN555585-	55496	4.0	1.9023892034735777
JN555585-	104648	9.0	2.3625700794847084
JN555585-	22731	6.0	2.3584539710124766
JN555585-	104655	12.0	2.810966175709983
JN555585-	88271	10.0	3.2584251526812045
JN555585-	22734	6.0	2.352301744030881
JN555585-	12494	371.5	7.957072916215216
JN555585-	104654	12.0	2.8067539244230684
JN555585-	12495	40.0	3.6654317244338674
JN555585-	104657	7.0	2.0165828842956044
JN555585-	144594	21.0	3.304854581628421
JN555585-	12497	43.0	3.7766492957386886
JN555585-	121043	6.0	2.3099554533212867
JN555585-	36051	6.0	1.8537792592489561
JN555585-	144593	41.0	4.339630096720822
JN555585-	121045	5.0	2.040971781156306
JN555585-	104661	7.0	2.0291463457595165
JN555585-	73941	9.0	2.653909854538648
JN555585-	73940	8.0	2.478949263199037
JN555585-	117975	15.0	3.0703893301927763
JN555585-	36055	6.0	1.8537792592489561
JN555585-	73942	45.0	5.169925001542312
JN555585-	144597	12.0	2.467267458151402
JN555585-	117977	81.0	5.798122781351554
JN555585-	36056	8.0	2.2775339756289092
JN555585-	117979	14.0	2.9668197553512248
JN555585-	121051	6.0	2.3099554533212867
JN555585-	144600	10.0	2.1975999599851606
JN555585-	137439	15.0	3.8503070673421513
JN555585-	121052	7.0	2.538321775702367
JN555585-	66782	5.0	2.046921047487493
JN555585-	91358	13.0	3.1894777989637126
JN555585-	91363	10.0	2.795859283319775
JN555585-	36067	7.0	2.067506819458277
JN555585-	36068	17.0	3.3914690282404396
JN555585-	36070	15.0	3.202018631252166
JN555585-	36071	6.0	1.8365012678171209
JN555585-	104680	7.0	2.0460696487959846
JN555585-	36074	6.0	1.8365012678171209
JN555585-	91371	12.0	3.074000581543777
JN555585-	36075	7.0	2.0631938265871943
JN555585-	91370	8.0	2.4689305073740457
JN555585-	144620	8.0	1.8690691302735516
JN555585-	104686	7.0	2.0418201757946273
JN555585-	144621	23.0	3.442904292811788
JN555585-	60656	48.0	5.2804514590112035
JN555585-	60657	6.0	2.053893008095202
JN555585-	34038	67.0	5.909045480412193
JN555585-	34041	10.0	2.8365012678171206
JN555585-	39161	6.0	1.8408014052507462
JN555585-	91384	6.0	2.063911763920193
JN555585-	39162	31.0	4.321928094987363
JN555585-	106746	7.0	2.271302021917394
JN555585-	92412	8.0	2.8823049574302453
JN555585-	13566	15.0	3.8365012678171206
JN555585-	15616	4.0	1.9227570011675397
JN555585-	49409	9.0	3.0790715710911996
JN555585-	70912	4.0	1.9227570011675397
JN555585-	15617	8.0	2.9503692323753996
JN555585-	106755	6.0	2.0588936891535687
JN555585-	91395	6.0	2.063911763920193
JN555585-	46339	4.0	1.8300749986576879
JN555585-	36100	7.0	2.0631938265871943
JN555585-	15620	4.0	1.9227570011675397
JN555585-	36102	6.0	1.8365012678171209
JN555585-	39177	14.0	3.102482957701252
JN555585-	66827	5.0	2.077041035863828
JN555585-	103695	13.0	2.696837481560897
JN555585-	49423	4.0	1.8756718650977984
JN555585-	46352	6.0	2.4279187906755766
JN555585-	39187	6.0	1.8408014052507462
JN555585-	46355	7.0	2.656795245582223
JN555585-	53524	6.0	2.2804514590112035
JN555585-	106774	10.0	2.8008773580863995
JN555585-	105753	16.0	3.0778021517036334
JN555585-	9496	20.0	4.22431729836094
JN555585-	106776	37.0	4.83094174247522
JN555585-	78107	5.0	2.279283757578869
JN555585-	21787	5.0	2.126580496665143
JN555585-	105757	97.0	6.024600511599692
JN555585-	105756	7.0	1.8512982697452012
JN555585-	70946	4.0	1.8494403235246186
JN555585-	31013	5.0	2.1328942705973457
JN555585-	123175	6.0	2.104697378766693
JN555585-	77103	5.0	2.1260078848073642
JN555585-	90416	5.0	2.237863830198888
JN555585-	22839	5.0	2.0174170531774096
JN555585-	73017	5.0	2.237863830198888
JN555585-	22841	10.0	3.0469210474874924
JN555585-	112952	5.0	2.0350469471992008
JN555585-	55611	4.0	1.9091465696488863
JN555585-	112954	5.0	2.0350469471992008
JN555585-	112957	6.0	2.3040061869901
JN555585-	120124	6.0	2.5493385910904354
JN555585-	112956	6.0	2.3040061869901
JN555585-	41279	19.0	3.9551457643157395
JN555585-	25921	8.0	2.84295628995442
JN555585-	25922	5.0	2.1456053223468996
JN555585-	80194	4.0	1.8624964763500653
JN555585-	116041	4.0	1.9023892034735777
JN555585-	25936	8.0	2.84295628995442
JN555585-	16723	9.0	3.0926820026098523
JN555585-	67924	5.0	2.279283757578869
JN555585-	57685	5.0	1.9593580153160166
JN555585-	11606	7.0	2.6698513984076695
JN555585-	112983	6.0	2.3159293543659194
JN555585-	112985	5.0	2.046921047487493
JN555585-	83291	6.0	2.447458977071221
JN555585-	49499	4.0	1.8690691302735516
JN555585-	117085	7.0	2.574694165367329
JN555585-	124253	40.0	2.1155974471163126
JN555585-	117084	8.0	2.7734914702913205
JN555585-	124255	984.0	7.769387071958584
JN555585-	83294	4.0	1.8494403235246186
JN555585-	117086	8.0	2.7734914702913205
JN555585-	124257	219.0	4.715604860489481
JN555585-	43360	4.0	1.9227570011675397
JN555585-	110945	4.0	1.9296106722086022
JN555585-	131427	56.0	4.7647105847491105
JN555585-	124256	390.0	5.704292043736698
JN555585-	131430	42.0	4.301463992427647
JN555585-	140647	6.0	2.473931188432412
JN555585-	140644	9.0	3.0858607367538378
JN555585-	131429	145.0	6.488374925195735
JN555585-	103782	42.0	3.787060159939757
JN555585-	35176	6.0	2.3833286396515057
JN555585-	103788	13.0	2.0508242591776824
JN555585-	41325	12.0	3.206450877567426
JN555585-	123251	6.0	2.120294233817712
JN555585-	123250	7.0	2.347923303520307
JN555585-	34166	4.0	1.9296106722086022
JN555585-	99704	4.0	1.8291592921485744
JN555585-	111992	8.0	2.9159357353115256
JN555585-	103802	34.5	3.6077224038210116
JN555585-	92538	4.0	1.8290888776658234
JN555585-	50556	19.0	4.157074083092472
JN555585-	19837	4.0	1.936497057793842
JN555585-	139644	19.0	4.157074083092472
JN555585-	114047	4.0	1.8624964763500653
JN555585-	104830	6.0	2.074000581543777
JN555585-	139645	5.0	2.139235797471172
JN555585-	50560	6.0	2.4086397281806935
JN555585-	92545	9.0	3.0248746687988493
JN555585-	114049	5.0	2.1975999599851606
JN555585-	40321	18.0	3.6589630822649335
JN555585-	40322	6.0	2.014499569795115
JN555585-	40323	12.0	3.043943347687597
JN555585-	123271	14.0	3.451211111932329
JN555585-	123273	10.0	2.9434164717336326
JN555585-	98699	4.0	1.8300749986576879
JN555585-	57740	7.0	2.389743478939026
JN555585-	18830	5.0	2.300448367576911
JN555585-	135571	6.0	2.5008982360326817
JN555585-	98706	9.0	3.0324214777923775
JN555585-	57748	14.0	3.4280508267297627
JN555585-	36246	40.0	3.117161344332749
JN555585-	57750	20.0	3.9762884112625096
JN555585-	36247	562.0	8.134426320320927
JN555585-	135573	5.0	2.231074664536249
JN555585-	36248	81.0	4.200707983838936
JN555585-	36249	57.0	3.6549722220688983
JN555585-	114076	6.0	2.440916131204449
JN555585-	108959	7.0	2.6764240523311558
JN555585-	102814	9.0	2.802553935893783
JN555585-	108961	4.0	1.8494403235246186
JN555585-	47520	6.0	2.465053037613514
JN555585-	28065	4.0	1.9091465696488863
JN555585-	117155	6.0	2.3646325459416007
JN555585-	144800	7.0	2.514573172929758
JN555585-	102818	6.0	2.200912694025997
JN555585-	144801	8.0	2.7131188523118386
JN555585-	102820	7.0	2.428843298903874
JN555585-	27045	952.0	9.561394029682752
JN555585-	102822	6.0	2.2064508775674265
JN555585-	27048	26.0	2.1421720841853564
JN555585-	142760	6.0	2.5706072078440863
JN555585-	134574	8.0	2.8046524017777807
JN555585-	103855	87.0	5.082579219405258
JN555585-	61870	16.0	3.701341684535485
JN555585-	102830	5.0	1.9323612832246366
JN555585-	133554	5.0	2.1975999599851606
JN555585-	102833	7.0	2.428843298903874
JN555585-	103857	35.0	3.63230943604669
JN555585-	102832	9.0	2.802553935893783
JN555585-	61873	12.0	3.2746223802090055
JN555585-	61875	11.0	3.143285876443941
JN555585-	61876	8.0	2.666576266374808
JN555585-	58805	44.0	5.166649869509452
JN555585-	58806	6.0	2.0841604477639986
JN555585-	105913	4.0	1.8494403235246186
JN555585-	22975	9.0	3.0258786319256052
JN555585-	113089	30.0	4.602379553898565
JN555585-	113091	8.0	2.5831602581871707
JN555585-	113090	12.0	3.178970141145319
JN555585-	29126	11.0	3.382188619804837
JN555585-	16839	4.0	1.9434164717336324
JN555585-	72134	4.0	1.9503692323753996
JN555585-	100808	4.0	1.8820390476211517
JN555585-	54729	7.0	2.5805381559320386
JN555585-	93643	6.0	2.542318163412663
JN555585-	121293	5.0	2.1109159015018504
JN555585-	116174	25.0	4.270904091962896
JN555585-	116177	10.0	2.862496476350065
JN555585-	57815	5.0	1.91515821141413
JN555585-	9687	8.0	2.9023892034735783
JN555585-	53720	23.0	4.278674897033478
JN555585-	121305	7.0	2.615160756874259
JN555585-	136667	11.0	3.4028480903709295
JN555585-	113112	15.0	3.279283757578869
JN555585-	71133	5.0	1.9545570293388328
JN555585-	26079	6.0	2.542318163412663
JN555585-	14819	5.0	2.126580496665143
JN555585-	106981	25.0	4.205563338295578
JN555585-	37352	11.0	2.864883069186943
JN555585-	37354	6.0	1.9667238452257017
JN555585-	58858	8.0	2.5094298696537987
JN555585-	14826	14.0	3.669851398407669
JN555585-	46581	591.0908813476562	7.698807501907329
JN555585-	114164	5.0	2.2584251526812045
JN555585-	132596	4.0	1.964376090369279
JN555585-	126455	4.0	1.964376090369279
JN555585-	46582	75.0	3.789074715639025
JN555585-	46583	42.0	2.9093518690224762
JN555585-	90617	9.0	2.813781191317037
JN555585-	90619	26.0	4.443429100035068
JN555585-	40443	5.0	2.0291463457595165
JN555585-	110081	5.0	1.982790710067777
JN555585-	112129	84.0	5.508696606593089
JN555585-	110080	7.0	2.479667557981557
JN555585-	112131	134.0	6.392532766567629
JN555585-	110082	5.0	1.982790710067777
JN555585-	47619	4.0	1.8889686877112561
JN555585-	112132	9.0	2.022618302762019
JN555585-	46597	176.0	5.16064006331998
JN555585-	137740	4.0	1.9023892034735777
JN555585-	9744	4.0	1.8494403235246186
JN555585-	96785	6.0	2.467267458151402
JN555585-	110099	6.0	2.2458251159015705
JN555585-	37395	6.0	1.971430847903229
JN555585-	40468	5.0	2.040971781156306
JN555585-	71188	7.0	2.491209179864248
JN555585-	110100	12.0	3.280451459011203
JN555585-	116247	9.0	2.6043278256880873
JN555585-	71190	7.0	2.491209179864248
JN555585-	81435	4.0	1.971430847903229
JN555585-	103962	8.0	2.5940076404241634
JN555585-	25115	150.0	6.94193754280772
JN555585-	25117	9.0	2.221324154048957
JN555585-	35358	5.0	1.926865295469785
JN555585-	35359	6.0	2.1953956890584303
JN555585-	124446	10.0	3.2722973272627622
JN555585-	9764	4.0	1.8365012678171204
JN555585-	37414	6.0	1.971430847903229
JN555585-	73255	21.0	4.184424571237428
JN555585-	37415	6.0	1.971430847903229
JN555585-	37416	10.0	2.7226103012891367
JN555585-	113193	21.0	3.9808911771522957
JN555585-	113194	9.0	2.69484011859353
JN555585-	113196	20.0	3.894321922205463
JN555585-	84531	5.0	2.272297327262762
JN555585-	134705	7.0	2.6830267871554025
JN555585-	35380	6.0	2.157356328039257
JN555585-	42548	4.0	1.9159357353115256
JN555585-	35381	6.0	2.157356328039257
JN555585-	118327	15.5	3.352050916026311
JN555585-	84534	5.0	2.272297327262762
JN555585-	71222	8.0	2.742989381893976
JN555585-	88633	4.0	1.9573556626915065
JN555585-	127545	7.0	2.7647105847491105
JN555585-	144954	7.0	2.267713569825656
JN555585-	99896	6.0	1.8668749168606396
JN555585-	127544	5.0	2.265344566620995
JN555585-	138814	17.0	3.3134665162391665
JN555585-	97852	9.0	3.0926820026098523
JN555585-	138812	7.0	2.0041278857226765
JN555585-	29246	6.0	2.494109070370043
JN555585-	130622	5.0	2.040971781156306
JN555585-	99904	8.0	2.281912416139483
JN555585-	29249	11.0	3.4028480903709295
JN555585-	99907	6.0	1.8581312837886634
JN555585-	122435	4.808333396911621	2.2430422940631103
JN555585-	99906	6.0	1.8581312837886634
JN555585-	36421	24.0	3.389614902498937
JN555585-	74313	6.0	2.3159293543659194
JN555585-	118349	7.0	2.156156493055176
JN555585-	36428	10.0	2.083141235400246
JN555585-	33357	4.0	1.8889686877112561
JN555585-	118348	8.644445419311523	2.4681480722357247
JN555585-	36429	13.0	2.4708517955004403
JN555585-	36430	24.0	3.389614902498937
JN555585-	118350	66.5	5.707081492907907
JN555585-	36431	19.0	3.036915320058074
JN555585-	92753	765.0	8.707472289170697
JN555585-	92752	22.0	1.9882441583503123
JN555585-	92754	103.0	4.324732167864066
JN555585-	80469	172.0	2.132931059495637
JN555585-	9814	5.0	2.217591435172627
JN555585-	80471	6082.0	9.297560368694286
JN555585-	90710	6.0	2.2120104029093275
JN555585-	80473	872.0	4.609726108660161
JN555585-	96856	4.0	1.8756718650977984
JN555585-	80472	568.0	3.9311596671671127
JN555585-	69213	8.0	2.6838542578066438
JN555585-	69217	27.0	4.553253641093818
JN555585-	44640	4.0	1.8624964763500653
JN555585-	69219	15.0	3.631883548208649
JN555585-	103010	4.0	1.8624964763500653
JN555585-	18020	4.0	1.98564470712293
JN555585-	112228	10.0	1.9105018492608974
JN555585-	116326	5.0	1.9434164717336324
JN555585-	109163	37.0	4.166809028320456
JN555585-	36459	21.0	3.1875506722241473
JN555585-	109167	72.0	5.251538767095965
JN555585-	109169	41.0	4.32545116155106
JN555585-	109168	70.0	5.203283598488744
JN555585-	107123	29.0	2.0866235862370104
JN555585-	107122	53.0	2.982145305177403
JN555585-	118388	9.699999809265137	2.657893623093294
JN555585-	105076	48.0	2.240134003823715
JN555585-	107124	288.5	5.7051480282855005
JN555585-	107126	608.0	7.274316238024114
JN555585-	99960	8.0	2.217591435172627
JN555585-	55929	5.0	1.8313579645411613
JN555585-	107128	103.0	3.9966422909639734
JN555585-	55930	6.0	2.0995356736509145
JN555585-	99962	10.0	2.547931769876189
JN555585-	104062	5.0	1.8468432120385798
JN555585-	100993	31.0	3.746303458845542
JN555585-	100992	107.0	5.792866139007791
JN555585-	100995	44.0	4.292716173770875
JN555585-	38530	6.0	2.352301744030881
JN555585-	100994	66.0	4.950158049612687
JN555585-	100997	33.0	3.8458999658193704
JN555585-	104071	5.0	1.8996950943043145
JN555585-	16006	9.0	3.141355849345542
JN555585-	112265	76.0	5.9259994186562235
JN555585-	108170	27.0	4.677644503331008
JN555585-	36492	12.0	2.352301744030881
JN555585-	36493	18.0	2.9558001961894647
JN555585-	104076	5.0	1.8996950943043145
JN555585-	41613	923.0	8.324118026078187
JN555585-	36495	13.0	2.4647126584030334
JN555585-	41615	278.0	5.508949777610829
JN555585-	14991	7.0	2.771731012426883
JN555585-	25232	4.0	1.8889686877112561
JN555585-	30358	4.0	1.8889686877112561
JN555585-	104088	6.0	2.1735362550946915
JN555585-	134808	5.0	1.9714308479032294
JN555585-	55962	8.0	2.386468347182073
JN555585-	73371	6.0	2.1466696492420096
JN555585-	39580	10.0	2.816037165257405
JN555585-	138910	102.0	6.310656982652342
JN555585-	104092	7.0	2.4068169925738756
JN555585-	39581	6.0	2.0588936891535687
JN555585-	138911	20.0	3.560642821625743
JN555585-	104094	5.0	1.9105018492608974
JN555585-	56992	26.0	4.390099597628941
JN555585-	145059	25.0	3.098574197446206
JN555585-	105123	46.0	2.079292453743531
JN555585-	56995	39.0	5.052741462171974
JN555585-	78498	15.0	3.631883548208649
JN555585-	55972	8.0	2.3492354409830978
JN555585-	120484	4.0	1.94738537287057
JN555585-	23205	4.0	1.971430847903229
JN555585-	29360	4.0	1.9785202726895488
JN555585-	145074	47.0	2.138950354773212
JN555585-	22194	15.0	3.7369655942662066
JN555585-	24242	4.0	1.9296106722086022
JN555585-	22197	6.0	2.3584539710124766
JN555585-	24245	5.0	2.2584251526812045
JN555585-	32442	5.0	2.1909972251609138
JN555585-	33469	25.0	4.55979192508625
JN555585-	105148	377.0	5.345851374517858
JN555585-	33470	5.0	2.107803289634515
JN555585-	105151	81.0	2.914927914773937
JN555585-	105150	1143.0	7.716329653061894
JN555585-	58047	5.0	2.248107861695691
JN555585-	144066	8.0	2.7983661389303496
JN555585-	91843	43.0	4.62303771836717
JN555585-	100034	5.0	1.8313579645411613
JN555585-	91845	8.0	1.98564470712293
JN555585-	10948	11.0	3.361820822110875
JN555585-	10949	8.0	2.8823049574302453
JN555585-	116423	5.0	2.083141235400246
JN555585-	10950	5.0	2.1844245712374275
JN555585-	64199	4.0	1.9091465696488863
JN555585-	134858	8.0	2.561707148520853
JN555585-	39625	6.0	2.1466696492420096
JN555585-	134856	5.0	1.8836352434082158
JN555585-	135887	4.0	1.8756718650977984
JN555585-	103116	6.0	2.2921807515933104
JN555585-	144079	7.0	2.612007323835385
JN555585-	124622	23.0	4.425951159530591
JN555585-	124624	9.0	2.9808911771522952
JN555585-	134870	11.0	3.015824967261682
JN555585-	35541	6.0	1.9023892034735777
JN555585-	108251	5.0	2.11403524334603
JN555585-	75482	4.0	1.8494403235246186
JN555585-	35550	6.0	1.9068905957085187
JN555585-	132832	6.0	2.3770696491798233
JN555585-	55010	6.0	2.053893008095202
JN555585-	132833	6.0	2.3770696491798233
JN555585-	91876	97.0	5.926356418296983
JN555585-	111332	31.0	4.632268215599513
JN555585-	111334	18.0	3.774862202024735
JN555585-	142058	22.0	4.239101663857742
JN555585-	73448	8.0	2.478949263199037
JN555585-	142059	6.0	2.2688167585278
JN555585-	73451	8.0	2.4890380808226205
JN555585-	73450	7.0	2.286304185256641
JN555585-	132846	5.0	2.107803289634515
JN555585-	74479	5.0	1.9714308479032294
JN555585-	142060	8.0	2.695488958290047
JN555585-	106222	5.0	2.0232697794228476
JN555585-	73457	11.0	2.9740047915670558
JN555585-	73456	6.0	2.074000581543777
JN555585-	132849	13.0	3.536940985958213
JN555585-	35571	6.0	1.8845227826800641
JN555585-	135921	9.0	3.0588936891535687
JN555585-	13043	12.0	3.5077195018886957
JN555585-	71413	11.0	2.9637364561132284
JN555585-	110325	5.0	2.237863830198888
JN555585-	121588	4.0	1.9785202726895488
JN555585-	74484	5.0	1.9714308479032294
JN555585-	71415	9.0	2.6691229484851546
JN555585-	109303	45.0	3.5926774659491616
JN555585-	109302	487.0	8.323706638513482
JN555585-	109305	17.0	2.135129274980654
JN555585-	135933	4.0	1.8624964763500653
JN555585-	31487	11.0	3.1607733031727823
JN555585-	116481	11.0	3.368578188286184
JN555585-	71424	7.0	2.3014639924276468
JN555585-	103170	7.0	1.9355112736482862
JN555585-	14086	8.0	2.9296106722086024
JN555585-	35593	8.0	2.205064337296464
JN555585-	145163	536.0	6.125922440074955
JN555585-	74509	5.0	1.9434164717336324
JN555585-	69388	5.0	2.2863041852566415
JN555585-	56078	2102.0	6.638717771617553
JN555585-	73487	5.0	1.8836352434082158
JN555585-	145164	42.0	2.0524674199941355
JN555585-	134930	8.0	2.5197348780455373
JN555585-	56080	3721.0	8.16325619700136
JN555585-	56081	148.0	2.2624886245731504
JN555585-	122640	7.0	2.451211111932329
JN555585-	145168	910.0	7.320026893252671
JN555585-	99090	4.0	1.8429562899544198
JN555585-	104214	14.0	3.281286110490017
JN555585-	23320	8.0	2.869069130273551
JN555585-	122649	6.0	2.200912694025997
JN555585-	139035	5.0	2.231074664536249
JN555585-	122650	5.0	1.9323612832246366
JN555585-	71453	6.0	2.034061836173633
JN555585-	139038	5.0	2.231074664536249
JN555585-	122653	7.0	2.428843298903874
JN555585-	122652	13.0	3.355611221243651
JN555585-	122654	6.0	2.200912694025997
JN555585-	122656	5.0	1.926865295469785
JN555585-	47906	109.0	5.640551045151053
JN555585-	21284	4.0	1.9091465696488863
JN555585-	134951	7.0	2.316784791711403
JN555585-	47909	187.0	6.70291061593931
JN555585-	66342	8.0	2.9434164717336326
JN555585-	105257	4928.0	9.940536839957446
JN555585-	105256	110.0	1.9181646011514684
JN555585-	91944	18.0	3.3299654140527806
JN555585-	105258	404.0	3.8697867754123583
JN555585-	122666	6.0	2.1255308821838588
JN555585-	41771	4.0	1.8756718650977984
JN555585-	54061	6.0	2.104697378766693
JN555585-	54063	5.0	1.8365012678171209
JN555585-	103217	15.0	2.31998291186411
JN555585-	88885	10.0	3.2722973272627622
JN555585-	40762	112.0	2.5821956963802375
JN555585-	54075	6.0	2.0943923703749547
JN555585-	103229	72.0	4.726823581917941
JN555585-	23356	11.0	3.3417365760675426
JN555585-	40764	674.0	5.406784561164262
JN555585-	60220	9.0	3.052229958872558
JN555585-	141119	12.0	3.389614902498937
JN555585-	40766	2690.5	8.857605691314564
JN555585-	103230	22.0	2.889431384808411
JN555585-	40768	80.0	2.0852441504283528
JN555585-	22339	5.0	2.158429362704483
JN555585-	30532	4.0	1.8690691302735516
JN555585-	36679	13.0	3.413558570452931
JN555585-	119626	7.0	2.750771393791237
JN555585-	123731	7.0	2.7438519798514465
JN555585-	13140	4.0	1.8300749986576879
JN555585-	130901	4.0	1.927938950976497
JN555585-	43863	6.0	2.487351704194734
JN555585-	54104	6.0	2.036525876125114
JN555585-	141146	5.0	2.089267338197087
JN555585-	63320	43.0	5.288761231052163
JN555585-	63321	8.0	2.649502753015867
JN555585-	33626	14.0	3.5870249672780483
JN555585-	120666	8.0	2.9453995562384985
JN555585-	33628	6.0	2.3159293543659194
JN555585-	135004	8.0	2.649502753015867
JN555585-	104286	53.0	4.657531126771802
JN555585-	35684	9.0	2.0995356736509145
JN555585-	87908	5.0	2.279283757578869
JN555585-	62312	6.0	2.2688167585278
JN555585-	62313	31.0	4.7906975782039956
JN555585-	22380	4.0	1.8823049574302455
JN555585-	92013	5.0	2.0232697794228476
JN555585-	144243	27.0	2.4783908366231127
JN555585-	62323	8.0	2.695488958290047
JN555585-	96114	4.0	1.9785202726895488
JN555585-	144244	18.0	1.8771432523144664
JN555585-	31607	405.0	7.66719837365624
JN555585-	31608	88.0	4.620479851785355
JN555585-	124795	13.0	3.2515387670959646
JN555585-	31610	58.0	3.959772642718854
JN555585-	47997	18.0	2.7858751947471525
JN555585-	67455	527.0	5.425183822954337
JN555585-	134013	21.0	4.2746223802090055
JN555585-	67457	2145.0	9.004985734900218
JN555585-	124800	10.0	2.8572598279839183
JN555585-	67458	67.0	2.201655394192149
JN555585-	144257	21.0	2.10100856304979
JN555585-	118661	5.0	2.1909972251609138
JN555585-	118662	9.0	3.0655883417275773
JN555585-	118664	4.0	1.8624964763500653
JN555585-	55177	6.0	2.370837695468309
JN555585-	122760	5.0	1.9323612832246366
JN555585-	106376	6.0	1.9189634283704018
JN555585-	124808	25.0	4.254289378111999
JN555585-	124810	7.0	2.321928094987362
JN555585-	103309	182.8095245361328	6.525058420534204
JN555585-	103311	46.0	4.107236909053946
JN555585-	103310	15.0	2.4091261783367024
JN555585-	100245	9.0	2.5008982360326817
JN555585-	106391	10.0	2.669632825172903
JN555585-	71577	4.0	1.8300749986576879
JN555585-	25496	10.0	2.1811494392045665
JN555585-	25497	9.0	2.0258786319256052
JN555585-	122779	6.0	2.234465253737023
JN555585-	25498	137.0	6.447267523943625
JN555585-	52123	4.0	1.964376090369279
JN555585-	122778	6.0	2.234465253737023
JN555585-	25499	19.0	3.136896201154842
JN555585-	35740	19.0	3.160464672293246
JN555585-	25500	49.0	4.607514342811005
JN555585-	52125	5.0	2.293358942790592
JN555585-	35741	25.0	3.5734668619833267
JN555585-	35742	30.0	3.8503070673421513
JN555585-	102303	7.0	2.1158207572384042
JN555585-	138140	4.0	1.8889686877112561
JN555585-	35743	11.0	2.3384162177759316
JN555585-	122787	11.0	3.137503523849935
JN555585-	106403	6.0	1.9189634283704018
JN555585-	133029	4.0	1.9091465696488863
JN555585-	54186	6.5	1.956278622670682
JN555585-	104363	81.0	5.228818690595881
JN555585-	104362	21.0	3.093659107314245
JN555585-	33711	5.0	1.9489759970755334
JN555585-	136114	5.0	2.1328942705973457
JN555585-	57264	4.0	1.9573556626915065
JN555585-	136115	7.0	2.631032149517141
JN555585-	120752	4.0	1.9023892034735777
JN555585-	99251	6.5	2.3823639486194135
JN555585-	99250	6.0	2.2582334194414244
JN555585-	99253	12.0	3.293162510526608
JN555585-	55220	6.0	2.352301744030881
JN555585-	144310	168.0	5.2713020219173945
JN555585-	99252	6.0	2.2582334194414244
JN555585-	102327	6.0	1.9480479204652785
JN555585-	144308	21.0	2.0432352764876716
JN555585-	141237	6.0	2.494109070370043
JN555585-	144309	37.0	2.8860832966676813
JN555585-	99256	5.0	1.9894588400907736
JN555585-	18361	4.0	1.9573556626915065
JN555585-	36793	9.0	2.888968687711256
JN555585-	111551	4.0	1.8365012678171204
JN555585-	106430	8.0	2.3114466114747434
JN555585-	143293	4.0	1.964376090369279
JN555585-	106432	8.0	2.3069777538759944
JN555585-	123840	4.0	1.9434164717336324
JN555585-	12225	4.0	1.855953630483293
JN555585-	111552	5.0	2.1648843848417822
JN555585-	112579	32.0	4.724992952600131
JN555585-	100290	6.0	1.8756718650977984
JN555585-	102341	10.0	2.698997744067186
JN555585-	112580	7.0	2.3905151802447753
JN555585-	100295	6.0	1.8712666859777973
JN555585-	136132	7.0	2.631032149517141
JN555585-	100299	6.0	1.8712666859777973
JN555585-	125898	7.0	2.0165828842956044
JN555585-	90061	24.0	4.447458977071221
JN555585-	115663	33.0	4.893834442883072
JN555585-	17358	8.0	2.9023892034735783
JN555585-	115664	5.0	2.0000000001
JN555585-	90064	9.0	2.937264244752037
JN555585-	82902	4.0	1.9503692323753996
JN555585-	61401	7.0	2.1113611090477042
JN555585-	142297	6.0	2.5353317330965557
JN555585-	12251	6.0	2.4540316309947072
JN555585-	28637	29.0	2.5607895786617165
JN555585-	12254	4.0	1.855953630483293
JN555585-	78817	5.0	1.8677522018015604
JN555585-	102370	12.0	2.9808911771522952
JN555585-	79842	7.0	2.451211111932329
JN555585-	33766	18.0	3.7316321499631653
JN555585-	102376	6.0	1.9480479204652785
JN555585-	78828	6.0	2.1413558493455414
JN555585-	22510	6.0	2.507719501888696
JN555585-	11247	6.0	2.5563933486243853
JN555585-	61423	6.0	1.8581312837886634
JN555585-	54256	7.0	2.2247989191435433
JN555585-	22512	7.0	2.736965594266206
JN555585-	41968	7.0	2.7438519798514465
JN555585-	26610	22.0	2.5183253077908656
JN555585-	142320	4.0	1.936497057793842
JN555585-	11250	4.0	1.9573556626915065
JN555585-	134134	5.0	2.0954195651786827
JN555585-	54260	6.0	1.9975975098846954
JN555585-	26613	34.0	3.1690766069039915
JN555585-	44021	7.0	2.6698513984076695
JN555585-	79860	14.0	3.491209179864248
JN555585-	26614	14.0	1.8512982697452012
JN555585-	77815	6.0	2.3739503073356447
JN555585-	26615	486.0	8.32074118003692
JN555585-	40959	4.0	1.8823049574302455
JN555585+	142342	14.0	3.5383217757023675
JN555585+	13317	13.0	2.2253548352923094
JN555585+	88071	5.0	2.120294233817712
JN555585+	41991	12.0	3.5214595585149984
JN555585+	98316	6.0	2.0096501701337197
JN555585+	93196	18.0	3.84799690665495
JN555585+	52237	7.0	2.508277766597969
JN555585+	121873	10.0	2.5022599114909068
JN555585+	121872	18.0	3.3833286396515057
JN555585+	16403	4.0	1.8690691302735516
JN555585+	23571	5.0	1.9105018492608974
JN555585+	143382	10.0	2.0028882794248264
JN555585+	16405	4.0	1.8690691302735516
JN555585+	115732	4.0	1.9431012322119636
JN555585+	143383	11.0	2.1174458715086812
JN555585+	9244	109.0	2.724008812237717
JN555585+	135198	4.0	1.937990962149562
JN555585+	9245	2186.5	8.483235253137204
JN555585+	132127	52.0	2.626619484949421
JN555585+	9246	636.0	5.519767400110008
JN555585+	21535	4.0	1.9091465696488863
JN555585+	9248	145.0	3.1511189537650335
JN555585+	132130	44.0	2.3787739553920724
JN555585+	93216	6.0	2.1735362550946915
JN555585+	23585	6.0	2.189899701303579
JN555585+	132129	263.0	5.158233464131178
JN555585+	23593	5.0	1.9159357353115256
JN555585+	132146	37.0	2.1177535315921396
JN555585+	137266	7.0	2.72329065736913
JN555585+	132147	37.0	2.1177535315921396
JN555585+	132144	692.0	7.043685454934182
JN555585+	132145	205.0	4.7374348396894
JN555585+	132150	34.0	1.993226771504574
JN555585+	132151	70.5	3.0764799026561156
JN555585+	88120	5.0	2.11403524334603
JN555585+	10304	10.0	2.6529013294777317
JN555585+	124992	21.0	4.248271053262053
JN555585+	124994	7.0	2.574694165367329
JN555585+	12355	10.0	3.1456053223468996
JN555585+	143430	14.0	2.571627862319546
JN555585+	143431	9.0	1.9159357353115258
JN555585+	10310	8.0	2.3264435761098556
JN555585+	97353	8.0	2.4839848530963358
JN555585+	96328	7.0	2.574694165367329
JN555585+	10314	10.0	2.662003536584984
JN555585+	96333	5.0	2.083141235400246
JN555585+	97357	13.0	3.209869587794891
JN555585+	97356	8.0	2.4839848530963358
JN555585+	13390	300.0	7.785212039120267
JN555585+	97359	9.0	2.658963082264933
JN555585+	90193	25.0	3.4219791087976907
JN555585+	13393	36.0	3.7423188287604128
JN555585+	90195	39.0	4.113875112923435
JN555585+	90194	33.0	3.8506223760617737
JN555585+	10323	8.0	2.3584539710124766
JN555585+	90198	14.0	2.554878708022387
JN555585+	93273	5.0	1.8365012678171209
JN555585+	103519	6.0	2.4606343658189544
JN555585+	98401	7.0	2.161192264999711
JN555585+	141408	5.0	2.120294233817712
JN555585+	98402	8.0	2.3584539710124766
JN555585+	143467	28.0	3.5594274087140185
JN555585+	136299	4.0	1.9091465696488863
JN555585+	138344	1083.0	5.808047795271817
JN555585+	138345	3363.0	8.72821219769733
JN555585+	143470	95.0	5.541286456234178
JN555585+	143468	12.0	2.2892394762811876
JN555585+	90229	18.5	3.0172592004456047
JN555585+	41076	4.0	1.9503692323753996
JN555585+	65653	4.0	1.8889686877112561
JN555585+	90230	12.0	2.3786318529501065
JN555585+	143483	10.0	2.0528949485321255
JN555585+	65662	4.0	1.9091465696488863
JN555585+	28801	7.0	2.750771393791237
JN555585+	77955	6.0	2.5563933486243853
JN555585+	28802	4.0	1.9227570011675397
JN555585+	112771	7.0	2.479667557981557
JN555585+	28803	4.0	1.9227570011675397
JN555585+	111749	5.0	1.9770995979899213
JN555585+	112772	6.0	2.2515387670959646
JN555585+	22664	29.0	4.1754076978799946
JN555585+	33929	4.0	1.9227570011675397
JN555585+	22667	17.0	3.351940664053802
JN555585+	62604	5.0	2.237863830198888
JN555585+	62605	4.0	1.9091465696488863
JN555585+	111759	7.0	2.473931188432412
JN555585+	22670	10.0	2.5563933486243857
JN555585+	136333	4.0	1.9023892034735777
JN555585+	143506	10.0	2.104697378766693
JN555585+	111761	32.0	4.817307702583809
JN555585+	91283	13.0	3.338671358821939
JN555585+	111762	5.0	1.9770995979899213
JN555585+	90260	10.0	2.118726938670751
JN555585+	91284	8.0	2.6104331883372742
JN555585+	91286	5.0	1.9213901654036336
JN555585+	107676	8.0	2.9573556626915067
JN555585+	17566	4.0	1.8889686877112561
JN555585+	70815	13.0	3.425432670741223
JN555585+	22688	18.0	3.4344028242457747
JN555585+	91296	41.0	5.174859707201893
JN555585+	22689	10.0	2.5521563557379148
JN555585+	133281	5.0	2.1456053223468996
JN555585+	112802	7.0	2.4682175372380186
JN555585+	22692	12.0	2.8151907615717087
JN555585+	112809	9.0	2.8365012678171206
JN555585+	62635	6.0	2.5008982360326817
JN555585+	131245	4.0	1.855953630483293
JN555585+	24756	4.0	1.9296106722086022
JN555585+	114868	16.0	3.698412353496814
JN555585+	27829	4.0	1.9023892034735777
JN555585+	23734	16.0	3.7612131405128837
JN555585+	118969	5.0	2.265344566620995
JN555585+	13498	7.0	2.3116597595335358
JN555585+	88251	6.0	2.5145731729297585
JN555585+	117948	43.0	3.9102496077984337
JN555585+	10430	6.0	2.168122758908327
JN555585+	117950	31.0	3.408227941381583
JN555585+	144579	5.0	2.300448367576911
JN555585+	13508	48.0	5.315929354365919
JN555585+	139460	7.0	2.491209179864248
JN555585+	131268	4.0	1.8690691302735516
JN555585+	13512	8.0	2.4689305073740457
JN555585+	86216	69.0	5.882015927069489
JN555585+	86219	7.0	2.236891991131563
JN555585+	98509	6.0	1.8756718650977984
JN555585+	23757	5.0	2.0232697794228476
JN555585+	98510	52.0	5.20986958779489
JN555585+	115920	4.0	1.9503692323753996
JN555585+	103637	5.0	2.279283757578869
JN555585+	117979	19.0	2.672615182856149
JN555585+	117978	288.0	7.4606343658189544
JN555585+	117980	14.0	2.2199899312211437
JN555585+	13535	11.0	2.804079790124743
JN555585+	50401	9.0	3.127280664133819
JN555585+	43236	20.0	4.22431729836094
JN555585+	22756	13.0	2.939154444879473
JN555585+	141541	5.0	2.077041035863828
JN555585+	46311	4.0	1.971430847903229
JN555585+	10472	5.0	2.040971781156306
JN555585+	141544	6.0	2.352301744030881
JN555585+	106733	6.0	2.2120104029093275
JN555585+	114929	7.0	2.0186692115440703
JN555585+	14576	11.0	3.2329230889286174
JN555585+	14577	5.0	2.0588936891535687
JN555585+	14579	5.0	2.046921047487493
JN555585+	132347	6.0	2.4279187906755766
JN555585+	132348	8.0	2.855953630483293
JN555585+	89347	9.0	2.813781191317037
JN555585+	114948	9.0	2.3812392909287787
JN555585+	9477	7.0	2.0375831829081563
JN555585+	120070	5.0	2.1456053223468996
JN555585+	89350	5.0	1.9378782881922028
JN555585+	9480	14.0	3.067506819458277
JN555585+	141578	5.0	2.0954195651786827
JN555585+	140552	5.0	2.064368819023542
JN555585+	9482	14.0	3.067506819458277
JN555585+	9491	31.0	4.2761244053742375
JN555585+	11540	34.0	4.373767026506981
JN555585+	90390	5.0	2.158429362704483
JN555585+	11543	80.0	5.826232932363293
JN555585+	137493	6.0	2.5283789724547887
JN555585+	93466	5.0	1.8783214435117477
JN555585+	57633	15.0	2.7726696559478854
JN555585+	135456	4.0	1.936497057793842
JN555585+	131366	4.0	1.8690691302735516
JN555585+	97572	7.0	2.3116597595335358
JN555585+	142628	13.0	2.2999017886573636
JN555585+	139557	6.0	2.2804514590112035
JN555585+	142629	245.0	7.371040763248346
JN555585+	13609	7.0	2.3270898001031415
JN555585+	97576	6.0	2.0841604477639986
JN555585+	47402	18.0	2.2477271531459455
JN555585+	142633	10.0	1.9186603726480616
JN555585+	112941	6.0	2.370837695468309
JN555585+	47405	56.0	3.9593580156026538
JN555585+	131372	5.0	2.2243172983609405
JN555585+	47406	19.0	2.3276342133325785
JN555585+	92462	6.0	2.4540316309947072
JN555585+	29999	4.0	1.971430847903229
JN555585+	47407	333.0	7.232071668390969
JN555585+	62769	5.0	2.2515387670959646
JN555585+	49461	4.0	1.8889686877112561
JN555585+	62775	4.0	1.9227570011675397
JN555585+	16696	33.0	3.268290131385289
JN555585+	138554	7.0	2.4399838565090746
JN555585+	16697	57.0	4.108239742531774
JN555585+	13627	10.0	2.8262329323632938
JN555585+	16706	103.0	5.068261871687763
JN555585+	95555	4.0	1.964376090369279
JN555585+	16707	105.0	5.1007138648481956
JN555585+	16709	140.0	5.600711698174209
JN555585+	111943	69.0	6.017671026427056
JN555585+	42311	6.0	1.8668749168606396
JN555585+	93513	18.0	3.6438561898747253
JN555585+	92488	7.0	2.6896598794878495
JN555585+	93512	6.0	2.0000000001
JN555585+	110920	6.0	2.4540316309947072
JN555585+	110923	4.0	1.855953630483293
JN555585+	106829	6.0	2.223194141402003
JN555585+	106831	11.0	3.1260078850121054
JN555585+	47438	49.0	3.748791029662996
JN555585+	106833	32.0	4.792107148458667
JN555585+	115024	11.0	2.8155754289625725
JN555585+	47441	40.0	3.438307278701691
JN555585+	115027	65.0	5.6577953808325985
JN555585+	124243	10.0	2.5228407889133586
JN555585+	115026	8.0	2.3469399829954356
JN555585+	46422	4.0	1.9434164717336324
JN555585+	124248	7.0	1.9958838916277681
JN555585+	93528	6.0	2.014499569795115
JN555585+	124250	29.0	4.139893411267055
JN555585+	10588	8.0	2.84295628995442
JN555585+	97633	12.0	3.1344431654951412
JN555585+	124259	33.0	4.343954401317361
JN555585+	42338	6.0	1.8322139094140224
JN555585+	124260	61.0	5.3602744066368455
JN555585+	140654	5.0	2.1010353565794158
JN555585+	13678	8.0	2.4102365131150227
JN555585+	96623	8.0	2.8494403235246186
JN555585+	57711	207.0	7.388975915789373
JN555585+	57713	23.0	3.4158740868426394
JN555585+	42354	7.0	2.0207585602667972
JN555585+	133498	5.0	2.0954195651786827
JN555585+	118139	88.0	5.668659580875298
JN555585+	118141	54.0	4.828888083707246
JN555585+	118140	10.0	2.237863830198888
JN555585+	70012	5.0	2.231074664536249
JN555585+	29054	5.0	2.279283757578869
JN555585+	118142	21.0	3.3461756412340398
JN555585+	134530	4.0	1.9023892034735777
JN555585+	118144	50.0	4.7027498789282935
JN555585+	91523	7.0	2.72329065736913
JN555585+	134534	8.0	2.9296106722086024
JN555585+	24966	12.0	3.5493385910904354
JN555585+	93576	10.0	2.8211260419302047
JN555585+	98698	5.0	2.237863830198888
JN555585+	52621	10.0	2.5649048484799026
JN555585+	110990	12.0	3.487351704194734
JN555585+	93585	7.0	2.3014639924276468
JN555585+	137625	18.0	4.0000000001
JN555585+	22942	26.0	2.444938985092706
JN555585+	22943	392.0	7.056442210159473
JN555585+	27040	6.0	2.5214595585149984
JN555585+	22945	58.0	3.6500881435862396
JN555585+	27043	6.0	2.5214595585149984
JN555585+	58792	13.0	3.6860844252640224
JN555585+	84393	756.0	7.039935531449684
JN555585+	84392	911.0	7.51806139211449
JN555585+	13738	6.0	2.034061836173633
JN555585+	12718	10.0	2.795859283319775
JN555585+	12719	7.0	2.266335769024045
JN555585+	51632	105.0	3.121489507325096
JN555585+	139699	130.0	5.8881468733678215
JN555585+	51634	2114.0	10.031404368505614
JN555585+	80307	6.0	2.5563933486243853
JN555585+	23987	6.0	2.4086397281806935
JN555585+	139702	26.0	3.256833066765478
JN555585+	51636	66.0	2.4285070455423967
JN555585+	139703	22.0	3.0052557255514953
JN555585+	139701	147.0	6.122429346003904
JN555585+	108985	16.0	3.9434164717336326
JN555585+	41409	7.0	2.7165014917064907
JN555585+	69063	13.0	3.220174596186629
JN555585+	138698	7.0	1.8737822838965803
JN555585+	41417	5.0	2.217591435172627
JN555585+	93640	8.0	2.730966853644763
JN555585+	69064	77.0	6.162449880980167
JN555585+	138696	42.0	4.609908857951387
JN555585+	88524	6.0	2.1387062709315923
JN555585+	106959	4.0	1.9434164717336324
JN555585+	13775	6.0	2.0389941317158637
JN555585+	45523	5.0	2.2863041852566415
JN555585+	45526	6.0	2.5563933486243853
JN555585+	138715	8.0	2.066427361838976
JN555585+	88541	8.0	2.5670405928238935
JN555585+	138718	9.0	2.23258060939208
JN555585+	138719	52.0	4.934904971878115
JN555585+	52703	7.0	1.8851570737612373
JN555585+	88542	11.0	3.0425918768244684
JN555585+	138717	7.0	1.8662486112111727
JN555585+	132578	7.0	2.538321775702367
JN555585+	13793	6.0	2.0995356736509145
JN555585+	13794	19.0	3.8310877716307568
JN555585+	138720	13.0	2.774440299684869
JN555585+	12771	7.0	2.2963930028802246
JN555585+	137697	5.0	2.0750133542752973
JN555585+	92644	26.0	4.643856189874724
JN555585+	40421	26.0	4.630050390349695
JN555585+	50662	23.0	2.8866473758011355
JN555585+	52710	8.0	2.0854354766060603
JN555585+	50663	154.0	5.971063516254934
JN555585+	42472	10.0	2.6665762663748085
JN555585+	50664	15.0	2.2515387670959646
JN555585+	50665	20.0	2.678071905212638
JN555585+	50666	219.0	6.683933629250061
JN555585+	15850	8.0	2.695488958290047
JN555585+	52718	8.0	2.089267338197087
JN555585+	52719	7.0	1.8927903986636647
JN555585+	12783	15.0	3.4527147025227163
JN555585+	52721	9.0	2.286304185256641
JN555585+	52722	10.0	2.477944250939036
JN555585+	10739	5.0	1.9489759970755334
JN555585+	126450	10.0	3.2243172983609405
JN555585+	52723	10.0	2.494109070370043
JN555585+	23027	74.0	4.041132249989227
JN555585+	48628	16.0	2.9820780921027374
JN555585+	23029	179.0	5.4946767699960235
JN555585+	48629	30.0	3.9397219881758914
JN555585+	67063	7.0	2.800159420753401
JN555585+	48630	148.0	6.760552414583822
JN555585+	36344	4.0	1.936497057793842
JN555585+	10746	6.0	2.217591435172627
JN555585+	87547	22.0	3.9283621260113435
JN555585+	87546	14.0	3.2368919911315635
JN555585+	87549	13.0	3.1251273875536554
JN555585+	87548	6.0	1.9761532581456323
JN555585+	110081	7.0	2.574694165367329
JN555585+	110083	16.0	3.8236772274595374
JN555585+	42500	8.0	2.4198545156766196
JN555585+	42501	34.0	4.638561890205212
JN555585+	11782	12.0	2.995199013836179
JN555585+	42503	7.0	2.2272094377342238
JN555585+	11783	9.0	2.5658536778734513
JN555585+	11784	78.0	6.052741462171973
JN555585+	10761	6.0	2.1789701411453195
JN555585+	9739	140.0	5.457989644563391
JN555585+	17931	7.0	2.636717654233952
JN555585+	9742	32.0	3.1046973787666934
JN555585+	46606	36.0	4.425763905971902
JN555585+	9743	199.0	6.108053301772891
JN555585+	9745	54.0	3.9068905957085187
JN555585+	126480	4.0	1.8690691302735516
JN555585+	46611	21.0	3.5808463923489247
JN555585+	140822	5.0	2.15200309354505
JN555585+	99863	6.0	2.480625841006421
JN555585+	46614	9.0	2.3059865511183406
JN555585+	99865	4.0	1.8823049574302455
JN555585+	46616	8.0	2.128156351590682
JN555585+	112155	6.0	2.5528616576541325
JN555585+	136734	475.0	7.939450136948626
JN555585+	17949	5.0	2.0954195651786827
JN555585+	136732	99.0	4.697673563119804
JN555585+	143906	10.0	2.84684321203858
JN555585+	46624	7.0	1.8927903986636647
JN555585+	18980	9.0	3.0723142049158905
JN555585+	139815	10.0	2.5950968779548695
JN555585+	18982	8.0	2.8956633402852643
JN555585+	61992	4.0	1.9023892034735777
JN555585+	90666	6.0	2.2458251159015705
JN555585+	87594	7.0	2.193823269239677
JN555585+	138793	9.0	2.166322764862117
JN555585+	140846	6.0	2.4086397281806935
JN555585+	132655	10.0	3.0649174767813383
JN555585+	10799	6.0	2.1735362550946915
JN555585+	15926	5.0	2.040971781156306
JN555585+	47671	417.0	7.736734966012036
JN555585+	47672	50.0	3.7216583414783577
JN555585+	99896	4.0	1.8823049574302455
JN555585+	46649	9.0	2.263034405933794
JN555585+	47673	110.0	4.978132677189732
JN555585+	118331	7.0	2.4068169925738756
JN555585+	46650	9.0	2.263034405933794
JN555585+	118330	38.0	5.02759755866403
JN555585+	46651	16.0	3.120294233817712
JN555585+	16956	8.0	2.869069130273551
JN555585+	143934	8.0	2.494109070370043
JN555585+	21052	5.0	2.244685096054902
JN555585+	16957	8.0	2.869069130273551
JN555585+	118332	6.0	2.1789701411453195
JN555585+	21054	4.0	1.9159357353115256
JN555585+	16959	8.0	2.862496476350065
JN555585+	10827	5.0	1.8889686877112561
JN555585+	14927	7.0	2.084888897686513
JN555585+	139858	6.0	1.8451143981218288
JN555585+	118353	9.0	2.7858751947471525
JN555585+	139859	7.0	2.0718327448610667
JN555585+	136787	30.0	2.8485741001176956
JN555585+	14929	67.0	5.6331297832816665
JN555585+	46674	9.0	2.2668867314294006
JN555585+	109141	4.0	1.971430847903229
JN555585+	14938	10.0	2.6126374592640045
JN555585+	14941	8.0	2.281912416139483
JN555585+	96866	6.0	2.334000927287937
JN555585+	48742	10.0	2.547931769876189
JN555585+	139880	7.0	2.024946357230231
JN555585+	131692	4.0	2.0000000001
JN555585+	138867	9.0	2.7584987558158476
JN555585+	139889	14.0	3.0588936891535687
JN555585+	48757	7.0	2.0207585602667972
JN555585+	143988	23.0	3.962847001682534
JN555585+	143993	7.0	2.170440341801726
JN555585+	137849	4.0	1.8889686877112561
JN555585+	139902	16.0	3.188528969570164
JN555585+	18044	4.0	1.8365012678171204
JN555585+	46717	18.0	3.705256734538868
JN555585+	113280	25.0	4.53951953005999
JN555585+	48769	9.0	2.421463768538277
JN555585+	61059	6.0	2.5777669994169523
JN555585+	113282	5.0	2.089267338197087
JN555585+	45703	6.0	2.542318163412663
JN555585+	54921	4.0	1.855953630483293
JN555585+	96904	7.0	2.3690620705784573
JN555585+	54922	18.0	4.120294233817712
JN555585+	23178	5.0	2.1328942705973457
JN555585+	48786	37.0	4.591214710133495
JN555585+	56978	5.0	2.2584251526812045
JN555585+	107154	10.0	2.766111939925723
JN555585+	48789	19.0	3.5474877954024935
JN555585+	110230	15.0	3.7958592833197744
JN555585+	108184	18.0	3.955800196189465
JN555585+	93848	8.0	2.6523343437990294
JN555585+	106141	5.0	2.1975999599851606
JN555585+	97948	22.0	2.318652962954501
JN555585+	97951	31.0	2.8282146566321598
JN555585+	97953	556.0	8.319853766749505
JN555585+	107168	6.0	2.014499569795115
JN555585+	97952	38.0	3.1335604885915855
JN555585+	129701	5.0	2.300448367576911
JN555585+	15013	13.0	2.7668670799800683
JN555585+	17063	4.0	1.9569871108763326
JN555585+	107179	9.0	2.619024336894789
JN555585+	144040	23.0	4.1395121493618525
JN555585+	93866	5.0	1.9351171485151457
JN555585+	89773	187.0	7.130054718074807
JN555585+	107180	33.0	4.6167879466765545
JN555585+	125612	4.0	1.9023892034735777
JN555585+	93870	7.0	2.431620383574448
JN555585+	41648	4.0	1.9091465696488863
JN555585+	89776	25.0	3.5428785421499036
JN555585+	93874	5.0	1.9351171485151457
JN555585+	59060	9.0	3.0389941317158637
JN555585+	140987	4.0	1.8756718650977984
JN555585+	48830	8.0	2.281912416139483
JN555585+	133821	5.0	2.176576709103743
JN555585+	88771	54.0	5.199071347201829
JN555585+	56002	5.0	2.2584251526812045
JN555585+	142017	5.0	1.9942407308113155
JN555585+	88770	8.0	2.230228260850552
JN555585+	139975	7.0	2.2032835984887433
JN555585+	56005	6.0	2.5214595585149984
JN555585+	106180	4.0	1.8690691302735516
JN555585+	88774	10.0	2.5649048484799026
JN555585+	15048	14.0	3.3690620705784577
JN555585+	15049	19.0	3.8365012678171206
JN555585+	15051	29.0	4.501837185002297
JN555585+	102092	4.0	1.9928044986957962
JN555585+	88780	28.0	4.13379849816746
JN555585+	59087	4.0	1.8429562899544198
JN555585+	96974	25.0	4.339345148064772
JN555585+	59089	5.0	2.171368418411981
JN555585+	69331	13.0	3.2674803109649857
JN555585+	10963	35.0	3.098946938674008
JN555585+	69333	23.0	4.145050332903283
JN555585+	106197	9.0	3.0655883417275773
JN555585+	69334	31.0	4.626508946310828
JN555585+	138970	6.0	2.157356328039257
JN555585+	41691	6.0	2.507719501888696
JN555585+	138969	5.0	1.8889686877112561
JN555585+	10973	31.0	2.9220954673198514
JN555585+	39645	15.0	3.878321443511748
JN555585+	138975	5.0	1.894321922205463
JN555585+	139996	8.0	2.4991979470428425
JN555585+	10974	283.0	6.646407375404057
JN555585+	10975	18.0	2.1168136650827503
JN555585+	138973	7.0	2.3905151802447753
JN555585+	10977	205.0	5.9946613620522236
JN555585+	49893	12.0	3.473931188432412
JN555585+	97001	5.0	1.9105018492608974
JN555585+	138987	6.0	2.168122758908327
JN555585+	22250	7.0	2.6830267871554025
JN555585+	143087	4.0	1.8494403235246186
JN555585+	22253	8.0	2.8823049574302453
JN555585+	138988	5.0	1.8996950943043145
JN555585+	34544	4.0	1.9091465696488863
JN555585+	140016	5.0	1.8783214435117477
JN555585+	108275	13.0	3.4434291000350687
JN555585+	34547	4.0	1.9159357353115256
JN555585+	115444	5.0	2.2584251526812045
JN555585+	115447	8.0	2.9573556626915067
JN555585+	51961	4.0	1.9159357353115256
JN555585+	64249	23.0	4.412530643768269
JN555585+	91899	5.0	2.0000000001
JN555585+	94973	5.0	2.244685096054902
JN555585+	94972	4.0	1.9159357353115256
JN555585+	60159	7.0	2.800159420753401
JN555585+	87806	5.0	1.9434164717336324
JN555585+	58113	4.0	1.971430847903229
JN555585+	92933	1359.0	7.694633926024033
JN555585+	92934	790.0	6.392280899415995
JN555585+	92936	287.0	4.589594596088251
JN555585+	91914	5.0	2.0000000001
JN555585+	57105	4.0	1.9928044986957962
JN555585+	91927	8.0	2.695488958290047
JN555585+	139034	5.0	1.8677522018015604
JN555585+	12057	5.0	2.1844245712374275
JN555585+	12058	8.0	2.8823049574302453
JN555585+	99102	10.0	3.2243172983609405
JN555585+	89889	5.0	1.9770995979899213
JN555585+	20262	5.0	2.279283757578869
JN555585+	125739	6.0	2.2921807515933104
JN555585+	119594	4.0	1.8956633402852643
JN555585+	125741	5.0	2.0232697794228476
JN555585+	125740	28.0	4.650311212012024
JN555585+	87852	5.0	1.9545570293388328
JN555585+	108336	9.0	3.019365324966931
JN555585+	94002	8.0	2.638231640680847
JN555585+	134966	9.0	3.1699250015423126
JN555585+	88885	5.0	1.9378782881922028
JN555585+	98101	4.0	1.8756718650977984
JN555585+	68406	4.0	1.9573556626915065
JN555585+	14138	4.0	1.8823049574302455
JN555585+	112446	10.0	1.9213901654036336
JN555585+	69441	32.0	4.356313906515971
JN555585+	69443	83.0	5.98292450640717
JN555585+	56133	203.0	6.7739167304390975
JN555585+	56136	156.0	6.22189927665609
JN555585+	132943	5.0	1.893995628740108
JN555585+	112462	11.0	2.0616286568748077
JN555585+	125777	8.0	2.7190436862689435
JN555585+	28497	4.0	1.8624964763500653
JN555585+	132944	5.0	1.893995628740108
JN555585+	70485	192.0	4.931902483716592
JN555585+	132948	8.0	2.5882437813275043
JN555585+	118615	14.0	1.9938302328597934
JN555585+	70487	82.0	3.581448016644919
JN555585+	132949	13.0	3.310537896260775
JN555585+	118617	343.0	7.5190264961599
JN555585+	118616	36.0	3.402270203304966
JN555585+	70488	938.0	8.511675753196224
JN555585+	91994	18.0	3.9495950466627567
JN555585+	118620	88.0	4.806371601632733
JN555585+	89948	6.0	2.263034405933794
JN555585+	89951	5.0	1.9885043612621705
JN555585+	138083	6.0	2.5008982360326817
JN555585+	89952	10.0	3.0174170531774096
JN555585+	136033	15.0	3.809279799082096
JN555585+	107369	11.0	3.0105306675921697
JN555585+	67433	5.0	1.9159357353115256
JN555585+	89961	14.0	3.5204737743694428
JN555585+	107370	32.0	4.6665762663748085
JN555585+	33648	7.0	2.7165014917064907
JN555585+	28528	16.0	3.929610672208602
JN555585+	141171	1713.1666259765625	6.7706763151898475
JN555585+	137075	5.0	2.2584251526812045
JN555585+	11123	6.0	2.1520030935450496
JN555585+	40819	11.0	3.3351034837350957
JN555585+	141174	381.0	4.091390483671031
JN555585+	63349	5.0	2.204233052317608
JN555585+	141172	1416.0	6.365297375279977
JN555585+	40822	18.0	4.092682002609853
JN555585+	141173	684.0	5.036857632113762
JN555585+	118646	16.0	2.168122758908327
JN555585+	141176	175.0	2.903956678666608
JN555585+	107386	5.0	1.8468432120385798
JN555585+	112509	22.0	3.0920605530887677
JN555585+	136063	4.0	1.8365012678171204
JN555585+	112511	257.0	7.5150544188476776
JN555585+	138114	8.0	2.7612131405128837
JN555585+	91008	74.0	5.055648029649915
JN555585+	91011	98.0	5.547759600290581
JN555585+	12162	6.0	2.1953956890584303
JN555585+	41861	32.0	3.575077911889312
JN555585+	140164	8.0	2.6104331883372742
JN555585+	41862	285.0	7.648927179422146
JN555585+	41865	27.0	3.316594650684322
JN555585+	143251	2444.0	8.954904845349716
JN555585+	33683	4.0	1.8889686877112561
JN555585+	17299	4.0	1.8823049574302455
JN555585+	143254	537.0	5.214283859930538
JN555585+	143252	90.0	2.430508908141284
JN555585+	122774	39.0	5.167707176292494
JN555585+	122777	5.0	1.9942407308113155
JN555585+	67480	46.0	5.3536369547147
JN555585+	63386	5.0	2.237863830198888
JN555585+	131996	4.0	1.98564470712293
JN555585+	113569	10.0	3.286304185256641
JN555585+	43939	9.0	3.0926820026098523
JN555585+	93092	4.0	1.9296106722086022
JN555585+	133029	6.0	2.223194141402003
JN555585+	11176	5.0	1.8365012678171209
JN555585+	133035	5.0	1.9601597355682092
JN555585+	96171	260.0	3.8487961699499627
JN555585+	96170	551.0	5.0536182280232484
JN555585+	96173	2418.111083984375	8.380689191579966
JN555585+	96172	307.0	4.107434243179078
JN555585+	33713	4.0	1.8889686877112561
JN555585+	12209	18.0	3.8365012678171206
JN555585+	12210	27.0	4.473931188432412
JN555585+	139190	11.0	2.6812230423392096
JN555585+	139194	15.0	3.141355849345542
JN555585+	139195	25.0	3.921390165403634
JN555585+	139193	60.0	5.34617564123404
JN555585+	43966	6.0	2.487351704194734
JN555585+	10175	6.0	1.8712666859777973
JN555585+	123841	6.0	2.5214595585149984
JN555585+	91076	103.0	5.675720688529976
JN555585+	10182	12.0	2.9023892034735783
JN555585+	10184	9.0	2.473931188432412
JN555585+	10185	10.0	2.6259342818774623
JN555585+	61385	6.0	2.487351704194734
JN555585+	48073	29.0	4.625320238437297
JN555585+	10186	8.0	2.290709364376642
JN555585+	11210	9.0	2.7104933829050153
JN555585+	11211	32.0	4.6665762663748085
JN555585+	48076	18.0	3.8712666859777976
JN555585+	135122	4.650360107421875	2.159834401302835
JN555585+	94164	5.0	2.1109159015018504
JN555585+	138196	23.0	4.090602548880907
JN555585+	89047	7.0	2.27628542943165
JN555585+	118744	5.0	2.040971781156306
JN555585+	89048	6.0	2.048909600580947
JN555585+	70619	10.0	3.0174170531774096
JN555585+	70618	6.0	2.257275136645109
JN555585+	142303	6.0	2.263034405933794
JN555585+	16352	5.0	2.1975999599851606
JN555585+	140266	35.0	4.58781323337042
JN555585+	121833	87.0	5.978275228945284
JN555585+	140267	11.0	2.803663488386109
JN555585+	27625	7.0	2.750771393791237
JN555585+	121832	23.0	3.758027209794036
JN555585+	140265	8.0	2.330560859665388
JN555585+	134127	19.0	4.191343985177218
JN555585+	138227	42.0	4.954024571299613
JN555585+	138225	8.0	2.458980846966441
JN555585+	103412	9.0	2.6338721013021025
JN555585+	103415	27.0	4.311280850787854
JN555585+	103417	44.0	5.108934371653165
JN555585+	64504	11.0	3.143285876443941
JN555585+	103419	6.0	2.0096501701337197
JN555585+	64506	10.0	3.0000000001
JN555585+	64507	5.0	1.9714308479032294
JN555585+	121853	7.0	1.9754776809659311
JN555585+	140287	9.0	2.5325887658669846
JN555585+	140285	6.0	1.9337803143557803
JN555585+	54271	5.0	2.3147325935831584
