Ref	Pos	Value	x	y
JN555585-	131135	1.90238920347358	3	0.00120274718165723
JN555585-	114849	1.92275700116754	22	0.0139391381401339
JN555585-	16567	2.31473259358316	27	0.0181473468102592
JN555585-	131267	2.86249647635006	28	0.0181473468102592
JN555585-	131264	2.6633085525409	29	0.0181473468102595
JN555585-	49409	3.0790715710912	48	0.0254706876161182
JN555585-	49423	1.8756718650978	52	0.0291463457595165
JN555585-	16723	3.09268200260985	71	0.0365258761251142
JN555585-	49499	1.86906913027355	75	0.0402298448885327
JN555585-	131427	4.76471058474911	77	0.0439433476875972
JN555585-	131430	4.30146399242765	79	0.0439433476875972
JN555585-	131429	6.48837492519574	83	0.0439433476875972
JN555585-	98699	1.83007499865769	94	0.0476664337303143
JN555585-	98706	3.03242147779238	96	0.0476664337303143
JN555585-	16839	1.94341647173363	109	0.0547252521568675
JN555585-	33357	1.88896868771126	189	0.0841604477639985
JN555585-	33469	4.55979192508625	208	0.0931094044914815
JN555585-	33470	2.10780328963452	210	0.0931094044914815
JN555585-	99090	1.84295628995442	236	0.104697378766693
JN555585-	66342	2.94341647173363	240	0.104697378766693
JN555585-	33626	3.58702496727805	255	0.108580813253921
JN555585-	33628	2.31592935436592	256	0.109553369826137
JN555585-	33711	1.94897599707553	273	0.120294233817712
JN555585-	99251	2.38236394861941	276	0.123237571704594
JN555585-	99250	2.25823341944142	278	0.123658469992507
JN555585-	99253	3.29316251052661	279	0.123658469992507
JN555585-	99252	2.25823341944142	280	0.127593350788018
JN555585-	99256	1.98945884009077	288	0.130128656298347
JN555585-	17358	2.90238920347358	300	0.140030451878974
JN555585-	115663	4.89383444288307	301	0.140030451878974
JN555585-	115664	2.0000000001	305	0.144010302791519
JN555585-	82902	1.9503692323754	314	0.148001162987554
JN555585-	33766	3.73163214996317	321	0.148001162987554
JN555585-	33813	3.15735632803926	337	0.15200309354505
JN555585-	33814	4.52455726150238	338	0.15200309354505
JN555585-	33817	2.3797487493757	342	0.15200309354505
JN555585-	115791	1.92275700116754	362	0.160040412610468
JN555585-	66741	2.78587519474715	392	0.168122758908327
JN555585-	66782	2.04692104748749	406	0.176250639791727
JN555585-	34038	5.90904548041219	412	0.176250639791727
JN555585-	34041	2.83650126781712	415	0.176250639791727
JN555585-	66827	2.07704103586383	422	0.181694778481855
JN555585-	116041	1.90238920347358	454	0.188528969570164
JN555585-	83291	2.44745897707122	462	0.192645078042396
JN555585-	83294	1.84944032352462	469	0.192645078042396
JN555585-	34166	1.9296106722086	480	0.192645078042396
JN555585-	99704	1.82915929214857	484	0.196772963665072
JN555585-	50556	4.15707408309247	486	0.196772963665072
JN555585-	50560	2.40863972818069	489	0.196772963665072
JN555585-	116174	4.2709040919629	514	0.205064337296464
JN555585-	116177	2.86249647635006	515	0.205064337296464
JN555585-	132596	1.96437609036928	530	0.209227962238
JN555585-	116247	2.60432782568809	552	0.217591435172627
JN555585-	99896	1.86687491686064	588	0.228270072517242
JN555585-	99904	2.28191241613948	598	0.230228260850552
JN555585-	99907	1.85813128378866	599	0.230228260850552
JN555585-	99906	1.85813128378866	600	0.230228260850552
JN555585-	18020	1.98564470712293	624	0.234465253737023
JN555585-	116326	1.94341647173363	629	0.238714726738381
JN555585-	99960	2.21759143517263	646	0.24297675359254
JN555585-	99962	2.54793176987619	648	0.24297675359254
JN555585-	100034	1.83135796454116	683	0.251538767095964
JN555585-	116423	2.08314123540025	685	0.254404100790354
JN555585-	132832	2.37706964917982	699	0.260151897400673
JN555585-	132833	2.37706964917982	701	0.260151897400673
JN555585-	132846	2.10780328963452	706	0.260151897400673
JN555585-	132849	3.53694098595821	708	0.260151897400673
JN555585-	116481	3.36857818828618	713	0.260151897400673
JN555585-	67455	5.42518382295434	748	0.273168783067507
JN555585-	67457	9.00498573490022	749	0.273168783067507
JN555585-	67458	2.20165539419215	750	0.273168783067507
JN555585-	100245	2.50089823603268	765	0.277533975628909
JN555585-	133029	1.90914656964889	781	0.281912416139483
JN555585-	18361	1.95735566269151	794	0.286304185256641
JN555585-	100290	1.8756718650978	807	0.29218075159331
JN555585-	100295	1.8712666859778	809	0.293358942790592
JN555585-	100299	1.8712666859778	812	0.293653641343529
JN555585-	34838	1.94341647173363	841	0.299560281958908
JN555585-	67652	3.28630418525664	861	0.3040061869901
JN555585-	116811	3.15180273314741	865	0.3040061869901
JN555585-	84146	8.40120086464577	904	0.312939311760108
JN555585-	67924	2.27928375757887	942	0.321928094987362
JN555585-	117085	2.57469416536733	947	0.321928094987362
JN555585-	117084	2.77349147029132	948	0.321928094987362
JN555585-	117086	2.77349147029132	950	0.32418406892773
JN555585-	35176	2.38332863965151	959	0.324936844859701
JN555585-	18830	2.30044836757691	977	0.326443576109855
JN555585-	117155	2.3646325459416	992	0.33508739516338
JN555585-	133554	2.19759995998516	999	0.335517159735317
JN555585-	100808	1.88203904762115	1007	0.335517159735317
JN555585-	35358	1.92686529546978	1029	0.343122317256486
JN555585-	35359	2.19539568905843	1031	0.343316427461653
JN555585-	84531	2.27229732726276	1039	0.344648171487446
JN555585-	35380	2.15735632803926	1041	0.344648171487446
JN555585-	35381	2.15735632803926	1042	0.344648171487446
JN555585-	84534	2.27229732726276	1044	0.344648171487446
JN555585-	100993	3.74630345884554	1064	0.349235440983098
JN555585-	100992	5.79286613900779	1066	0.349235440983098
JN555585-	100995	4.29271617377088	1067	0.349235440983098
JN555585-	100994	4.95015804961269	1068	0.349235440983098
JN555585-	100997	3.84589996581937	1069	0.349235440983098
JN555585-	35541	1.90238920347358	1104	0.353837342942106
JN555585-	35550	1.90689059570852	1111	0.358453971012476
JN555585-	35571	1.88452278268006	1119	0.358453971012476
JN555585-	35593	2.20506433729646	1130	0.363085419744122
JN555585-	35684	2.09953567365091	1160	0.364632545941601
JN555585-	134013	4.27462238020901	1184	0.37239316197035
JN555585-	52123	1.96437609036928	1200	0.37239316197035
JN555585-	35740	3.16046467229325	1201	0.37239316197035
JN555585-	35741	3.57346686198333	1202	0.37239316197035
JN555585-	52125	2.29335894279059	1203	0.37239316197035
JN555585-	35742	3.85030706734215	1204	0.373327247494007
JN555585-	35743	2.33841621777593	1205	0.373950307335645
JN555585-	134134	2.09541956517868	1248	0.391190757424476
JN555585-	134169	2.09541956517868	1271	0.395928676431139
JN555585-	117925	4.25367765339254	1322	0.403064857712768
JN555585-	117926	2.32135571269914	1326	0.403064857712768
JN555585-	134315	5.19282049235848	1328	0.405451450549646
JN555585-	134313	2.61410884648067	1330	0.405451450549646
JN555585-	134316	3.37582110298256	1334	0.405451450549646
JN555585-	36051	1.85377925924896	1361	0.410236513115023
JN555585-	117975	3.07038933019278	1363	0.410236513115023
JN555585-	36055	1.85377925924896	1364	0.410236513115023
JN555585-	36056	2.27753397562891	1366	0.410236513115023
JN555585-	117977	5.79812278135155	1368	0.410236513115023
JN555585-	117979	2.96681975535122	1370	0.410236513115023
JN555585-	36067	2.06750681945828	1381	0.412447096848606
JN555585-	36068	3.39146902824044	1382	0.412635009163539
JN555585-	36070	3.20201863125217	1383	0.412635009163539
JN555585-	36071	1.83650126781712	1384	0.412635009163539
JN555585-	36074	1.83650126781712	1388	0.415037499378844
JN555585-	36075	2.06319382658719	1390	0.415037499378844
JN555585-	36100	2.06319382658719	1404	0.415037499378844
JN555585-	36102	1.83650126781712	1406	0.416989125019883
JN555585-	19837	1.93649705779384	1437	0.424687669412563
JN555585-	36246	3.11716134433275	1449	0.424687669412563
JN555585-	36247	8.13442632032093	1451	0.424687669412563
JN555585-	36248	4.20070798383894	1453	0.424687669412563
JN555585-	36249	3.6549722220689	1454	0.425656246179987
JN555585-	134574	2.80465240177778	1460	0.427110331679419
JN555585-	134705	2.6830267871554	1495	0.434402824245775
JN555585-	118327	3.35205091602631	1497	0.434402824245775
JN555585-	36421	3.38961490249894	1505	0.434402824245775
JN555585-	36428	2.08314123540025	1512	0.434402824245775
JN555585-	118349	2.15615649305518	1513	0.434402824245775
JN555585-	36429	2.47085179550044	1514	0.434402824245775
JN555585-	118348	2.46814807223572	1515	0.434402824245775
JN555585-	36430	3.38961490249894	1516	0.434402824245775
JN555585-	36431	3.03691532005807	1517	0.434402824245775
JN555585-	118350	5.70708149290791	1518	0.434402824245775
JN555585-	69213	2.68385425780664	1529	0.434402824245775
JN555585-	69217	4.55325364109382	1533	0.437655802040863
JN555585-	69219	3.63188354820865	1536	0.439285045625521
JN555585-	36459	3.18755067222415	1544	0.439285045625521
JN555585-	118388	2.65789362309329	1551	0.439285045625521
JN555585-	36492	2.35230174403088	1569	0.441732366044264
JN555585-	36493	2.95580019618946	1570	0.442782489861748
JN555585-	36495	2.46471265840303	1572	0.44418384503836
JN555585-	134808	1.97143084790323	1581	0.44418384503836
JN555585-	134858	2.56170714852085	1601	0.449099335452477
JN555585-	134856	1.88363524340822	1603	0.449099335452477
JN555585-	134870	3.01582496726168	1608	0.449099335452477
JN555585-	69388	2.28630418525664	1637	0.454031630994707
JN555585-	134930	2.51973487804554	1639	0.454031630994707
JN555585-	134951	2.3167847917114	1650	0.454031630994707
JN555585-	36679	3.41355857045293	1673	0.457329221095283
JN555585-	135004	2.64950275301587	1698	0.458980846966441
JN555585-	118661	2.19099722516091	1721	0.46394709985979
JN555585-	118662	3.06558834172758	1723	0.46394709985979
JN555585-	118664	1.86249647635007	1727	0.46394709985979
JN555585-	102303	2.1158207572384	1738	0.46394709985979
JN555585-	102327	1.94804792046528	1760	0.468930507374046
JN555585-	36793	2.88896868771126	1764	0.468930507374046
JN555585-	102341	2.69899774406719	1776	0.468930507374046
JN555585-	102370	2.9808911771523	1798	0.473931188432412
JN555585-	102376	1.94804792046528	1802	0.473931188432412
JN555585-	86017	3.13972476376661	1813	0.473931188432412
JN555585-	86021	4.58496250082116	1819	0.478562636887559
JN555585-	86020	4.81496810626748	1820	0.478562636887559
JN555585-	86022	2.58977951711893	1824	0.478562636887559
JN555585-	86024	1.9904139512708	1826	0.478781712688993
JN555585-	135306	3.729770092862	1859	0.478949263199037
JN555585-	135305	9.2923438283811	1863	0.478949263199037
JN555585-	102541	5.50093774372532	1865	0.478949263199037
JN555585-	102567	2.31126627908035	1881	0.483984853096335
JN555585-	69823	3.65080895051649	1894	0.483984853096335
JN555585-	20679	5.06558834172758	1902	0.489038080822621
JN555585-	53524	2.2804514590112	1948	0.494109070370043
JN555585-	135571	2.50089823603268	1979	0.499197947042842
JN555585-	135573	2.23107466453625	1981	0.499197947042842
JN555585-	102814	2.80255393589378	1987	0.499197947042842
JN555585-	102818	2.200912694026	1991	0.499197947042842
JN555585-	102820	2.42884329890387	1994	0.499197947042842
JN555585-	102822	2.20645087756743	1996	0.499197947042842
JN555585-	102830	1.93236128322464	2000	0.499197947042842
JN555585-	102833	2.42884329890387	2001	0.499197947042842
JN555585-	102832	2.80255393589378	2002	0.499197947042842
JN555585-	53720	4.27867489703348	2015	0.504304837475931
JN555585-	37352	2.86488306918694	2028	0.504304837475931
JN555585-	37354	1.9667238452257	2029	0.504304837475931
JN555585-	37395	1.97143084790323	2066	0.511142267529485
JN555585-	37414	1.97143084790323	2078	0.514573172929758
JN555585-	37415	1.97143084790323	2079	0.514573172929758
JN555585-	37416	2.72261030128914	2080	0.514573172929758
JN555585-	103010	1.86249647635007	2115	0.519734878045537
JN555585-	103116	2.29218075159331	2168	0.530114023825537
JN555585-	135887	1.8756718650978	2170	0.530114023825537
JN555585-	135921	3.05889368915357	2186	0.535331733096556
JN555585-	135933	1.86249647635007	2192	0.535331733096556
JN555585-	103170	1.93551127364829	2196	0.535331733096556
JN555585-	21284	1.90914656964889	2210	0.535331733096556
JN555585-	54061	2.10469737876669	2218	0.535331733096556
JN555585-	54063	1.83650126781712	2221	0.537947681303567
JN555585-	103217	2.31998291186411	2223	0.540249206340058
JN555585-	54075	2.09439237037495	2232	0.540568381462703
JN555585-	103229	4.72682358191794	2234	0.540568381462703
JN555585-	103230	2.88943138480841	2237	0.540568381462703
JN555585-	119626	2.75077139379124	2247	0.540568381462703
JN555585-	54104	2.03652587612511	2254	0.545503767048159
JN555585-	103309	6.5250584205342	2284	0.551099048954872
JN555585-	103311	4.10723690905395	2287	0.551099048954872
JN555585-	103310	2.4091261783367	2288	0.551099048954872
JN555585-	54186	1.95627862267068	2295	0.551099048954872
JN555585-	136114	2.13289427059735	2301	0.555635829280806
JN555585-	136115	2.63103214951714	2302	0.555635829280806
JN555585-	136132	2.63103214951714	2311	0.556393348624385
JN555585-	54256	2.22479891914354	2338	0.559047802070363
JN555585-	54260	1.9975975098847	2341	0.559047802070363
JN555585-	54275	4.55374377021044	2353	0.561707148520853
JN555585-	21512	1.96437609036928	2360	0.561707148520853
JN555585-	103467	4.44745897707122	2381	0.564128997403991
JN555585-	103497	2.36773178460049	2393	0.567040592823894
JN555585-	103498	2.54699465062214	2396	0.567040592823894
JN555585-	103511	3.40068220640177	2400	0.567040592823894
JN555585-	136367	2.42791879067558	2431	0.572393827318101
JN555585-	136368	1.83007499865769	2434	0.572393827318101
JN555585-	70912	1.92275700116754	2489	0.577766999416952
JN555585-	103695	2.6968374815609	2507	0.582980157860476
JN555585-	21787	2.12658049666514	2520	0.583160258187171
JN555585-	70946	1.84944032352462	2524	0.583160258187171
JN555585-	120124	2.54933859109044	2538	0.583160258187171
JN555585-	103782	3.78706015993976	2578	0.588573754373535
JN555585-	103788	2.05082425917768	2586	0.588573754373535
JN555585-	103802	3.60772240382101	2601	0.591288139070571
JN555585-	103855	5.08257921940526	2635	0.598681602249091
JN555585-	103857	3.63230943604669	2639	0.599462070516271
JN555585-	54729	2.58053815593204	2663	0.599462070516271
JN555585-	136667	3.40284809037093	2679	0.603109847531415
JN555585-	71133	1.95455702933883	2683	0.604937200582423
JN555585-	71188	2.49120917986425	2715	0.604937200582423
JN555585-	71190	2.49120917986425	2717	0.604937200582423
JN555585-	103962	2.59400764042416	2720	0.604937200582423
JN555585-	71222	2.74298938189398	2739	0.610433188337274
JN555585-	104062	1.84684321203858	2779	0.610433188337274
JN555585-	38530	2.35230174403088	2782	0.614108846480673
JN555585-	104071	1.89969509430431	2789	0.61595019330484
JN555585-	104076	1.89969509430431	2795	0.61595019330484
JN555585-	104088	2.17353625509469	2809	0.61595019330484
JN555585-	104092	2.40681699257388	2816	0.61595019330484
JN555585-	104094	1.9105018492609	2819	0.61595019330484
JN555585-	120484	1.94738537287057	2826	0.61595019330484
JN555585-	22194	3.73696559426621	2840	0.61595019330484
JN555585-	22197	2.35845397101248	2847	0.61595019330484
JN555585-	55010	2.0538930080952	2879	0.62148837684627
JN555585-	71413	2.96373645611323	2898	0.625192345609689
JN555585-	71415	2.66912294848515	2901	0.626769415449771
JN555585-	71424	2.30146399242765	2917	0.627047902188171
JN555585-	104214	3.28128611049002	2935	0.627047902188171
JN555585-	71453	2.03406183617363	2942	0.627047902188171
JN555585-	22339	2.15842936270448	2957	0.628905848408753
JN555585-	120666	2.9453995562385	2974	0.632628934451471
JN555585-	104286	4.6575311267718	2976	0.632628934451471
JN555585-	87908	2.27928375757887	2978	0.632628934451471
JN555585-	22380	1.88230495743025	2982	0.632628934451471
JN555585-	55177	2.37083769546831	3004	0.632628934451471
JN555585-	71577	1.83007499865769	3016	0.632628934451471
JN555585-	104363	5.22881869059588	3023	0.632628934451471
JN555585-	104362	3.09365910731425	3024	0.632628934451471
JN555585-	120752	1.90238920347358	3030	0.632628934451471
JN555585-	55220	2.35230174403088	3033	0.6363616533278
JN555585-	22510	2.5077195018887	3059	0.638231640680847
JN555585-	22512	2.73696559426621	3060	0.638231640680847
JN555585-	104479	1.92275700116754	3092	0.638231640680847
JN555585-	137244	2.30044836757691	3093	0.638231640680847
JN555585-	104487	1.93649705779384	3101	0.640777958886108
JN555585-	104491	1.93304975617537	3106	0.643856189874725
JN555585-	104490	1.93304975617537	3107	0.643856189874725
JN555585-	104493	2.26534456662099	3108	0.643856189874725
JN555585-	104494	2.10987761787237	3109	0.643856189874725
JN555585-	104498	2.52837897245479	3111	0.643856189874725
JN555585-	104524	2.67187056604432	3126	0.643856189874725
JN555585-	55496	1.90238920347358	3170	0.647618108670924
JN555585-	104648	2.36257007948471	3173	0.647618108670924
JN555585-	22731	2.35845397101248	3175	0.647618108670924
JN555585-	22734	2.35230174403088	3179	0.649502753015867
JN555585-	88271	3.2584251526812	3180	0.649502753015867
JN555585-	104655	2.81096617570998	3181	0.649502753015867
JN555585-	104654	2.80675392442307	3184	0.649502753015867
JN555585-	104657	2.0165828842956	3185	0.649502753015867
JN555585-	121043	2.30995545332129	3191	0.649502753015867
JN555585-	104661	2.02914634575952	3195	0.649502753015867
JN555585-	121045	2.04097178115631	3196	0.649502753015867
JN555585-	121051	2.30995545332129	3207	0.649502753015867
JN555585-	121052	2.53832177570237	3215	0.649502753015867
JN555585-	137439	3.85030706734215	3216	0.649502753015867
JN555585-	104680	2.04606964879598	3234	0.655171503102559
JN555585-	104686	2.04182017579463	3242	0.655171503102559
JN555585-	39161	1.84080140525075	3254	0.655171503102559
JN555585-	39162	4.32192809498736	3255	0.655171503102559
JN555585-	39177	3.10248295770125	3269	0.655171503102559
JN555585-	39187	1.84080140525075	3280	0.655171503102559
JN555585-	22839	2.01741705317741	3315	0.660862615180415
JN555585-	22841	3.04692104748749	3318	0.660862615180415
JN555585-	55611	1.90914656964889	3321	0.660862615180415
JN555585-	104830	2.07400058154378	3360	0.660862615180415
JN555585-	22975	3.02587863192561	3429	0.666576266374808
JN555585-	72134	1.9503692323754	3438	0.672312635923953
JN555585-	121293	2.11091590150185	3445	0.672312635923953
JN555585-	121305	2.61516075687426	3453	0.672312635923953
JN555585-	137740	1.90238920347358	3479	0.672312635923953
JN555585-	88633	1.95735566269151	3494	0.674229838918244
JN555585-	105076	2.24013400382371	3538	0.680960184537464
JN555585-	55929	1.83135796454116	3543	0.682406495476529
JN555585-	55930	2.09953567365091	3544	0.682888921050259
JN555585-	55962	2.38646834718207	3570	0.683854257806644
JN555585-	39580	2.81603716525741	3572	0.683854257806644
JN555585-	39581	2.05889368915357	3574	0.683854257806644
JN555585-	105123	2.07929245374353	3580	0.683854257806644
JN555585-	55972	2.3492354409831	3582	0.683854257806644
JN555585-	23205	1.97143084790323	3583	0.683854257806644
JN555585-	105148	5.34585137451786	3596	0.685786870340643
JN555585-	105151	2.91492791477394	3597	0.685786870340643
JN555585-	105150	7.71632965306189	3598	0.686771426270543
JN555585-	39625	2.14666964924201	3606	0.689369041760067
JN555585-	121588	1.97852027268955	3618	0.68965987948785
JN555585-	56078	6.63871777161755	3621	0.68965987948785
JN555585-	56080	8.16325619700136	3624	0.68965987948785
JN555585-	56081	2.26248862457315	3626	0.68965987948785
JN555585-	23320	2.86906913027355	3629	0.68965987948785
JN555585-	105257	9.94053683995745	3631	0.68965987948785
JN555585-	105256	1.91816460115147	3632	0.68965987948785
JN555585-	105258	3.86978677541236	3634	0.68965987948785
JN555585-	88885	3.27229732726276	3636	0.68965987948785
JN555585-	23356	3.34173657606754	3638	0.68965987948785
JN555585-	138140	1.88896868771126	3658	0.68965987948785
JN555585-	105508	2.54432051632381	3715	0.695488958290047
JN555585-	105510	2.74298938189398	3718	0.695488958290047
JN555585-	138314	2.15521265002094	3734	0.701048482513589
JN555585-	138319	5.26459491992141	3736	0.701048482513589
JN555585-	138322	2.65354958607857	3741	0.701341684535485
JN555585-	138320	3.69966705284323	3743	0.701341684535485
JN555585-	138370	3.15031671691716	3760	0.701341684535485
JN555585-	138372	2.36182082211088	3766	0.701341684535485
JN555585-	138392	4.2844533895687	3778	0.701341684535485
JN555585-	105753	3.07780215170363	3830	0.707218250872154
JN555585-	105757	6.02460051159969	3834	0.707218250872154
JN555585-	105756	1.8512982697452	3835	0.707218250872154
JN555585-	73017	2.23786383019889	3849	0.707218250872154
JN555585-	40321	3.65896308226493	3884	0.713118852311839
JN555585-	40322	2.01449956979511	3885	0.713118852311839
JN555585-	40323	3.0439433476876	3886	0.713118852311839
JN555585-	105913	1.84944032352462	3899	0.713118852311839
JN555585-	40443	2.02914634575952	3940	0.723007136439722
JN555585-	40468	2.04097178115631	3953	0.72499295260013
JN555585-	73255	4.18442457123743	3963	0.72499295260013
JN555585-	138814	3.31346651623917	3974	0.72499295260013
JN555585-	138812	2.00412788572268	3977	0.72499295260013
JN555585-	122435	2.24304229406311	3978	0.72499295260013
JN555585-	73371	2.14666964924201	4017	0.730966853644763
JN555585-	138910	6.31065698265234	4019	0.730966853644763
JN555585-	138911	3.56064282162574	4021	0.730966853644763
JN555585-	56992	4.39009959762894	4025	0.730966853644763
JN555585-	56995	5.05274146217197	4028	0.730966853644763
JN555585-	24242	1.9296106722086	4036	0.73296366370871
JN555585-	24245	2.2584251526812	4038	0.733534688865933
JN555585-	73448	2.47894926319904	4079	0.736965594266206
JN555585-	73451	2.48903808082262	4080	0.736965594266206
JN555585-	73450	2.28630418525664	4081	0.736965594266206
JN555585-	106222	2.02326977942285	4085	0.736965594266206
JN555585-	73457	2.97400479156706	4086	0.736965594266206
JN555585-	73456	2.07400058154378	4087	0.736965594266206
JN555585-	73487	1.88363524340822	4104	0.736965594266206
JN555585-	122640	2.45121111193233	4111	0.736965594266206
JN555585-	122649	2.200912694026	4120	0.736965594266206
JN555585-	139035	2.23107466453625	4122	0.736965594266206
JN555585-	122650	1.93236128322464	4124	0.736965594266206
JN555585-	122653	2.42884329890387	4126	0.739974344138544
JN555585-	139038	2.23107466453625	4127	0.740978656533299
JN555585-	122652	3.35561122124365	4129	0.74097865677283
JN555585-	122654	2.200912694026	4133	0.74097865677283
JN555585-	122656	1.92686529546978	4134	0.74097865677283
JN555585-	122666	2.12553088218386	4141	0.742989381893976
JN555585-	40762	2.58219569638024	4147	0.742989381893976
JN555585-	40764	5.40678456116426	4149	0.742989381893976
JN555585-	40766	8.85760569131456	4153	0.742989381893976
JN555585-	40768	2.08524415042835	4155	0.742989381893976
JN555585-	106376	1.9189634283704	4180	0.742989381893976
JN555585-	122760	1.93236128322464	4181	0.742989381893976
JN555585-	106391	2.6696328251729	4197	0.742989381893976
JN555585-	122779	2.23446525373702	4202	0.742989381893976
JN555585-	122778	2.23446525373702	4203	0.742989381893976
JN555585-	106403	1.9189634283704	4211	0.742989381893976
JN555585-	122787	3.13750352384994	4212	0.742989381893976
JN555585-	57264	1.95735566269151	4229	0.748487463964424
JN555585-	106430	2.31144661147474	4241	0.749038426566781
JN555585-	106432	2.30697775387599	4243	0.749038426566781
JN555585-	90061	4.44745897707122	4250	0.749038426566781
JN555585-	90064	2.93726424475204	4256	0.749038426566781
JN555585-	40959	1.88230495743025	4277	0.749038426566781
JN555585-	73755	3.47393118843241	4298	0.749038426566781
JN555585-	73754	1.90817929167709	4299	0.749038426566781
JN555585-	106539	5.23829304868204	4307	0.753085259629483
JN555585-	106538	7.32320486781507	4309	0.753343169458537
JN555585-	106541	5.91893542954394	4311	0.753343169458537
JN555585-	24631	3.84295628995442	4320	0.754808605874872
JN555585-	24634	3.40227020330497	4322	0.754808605874872
JN555585-	41023	3.64385618987473	4326	0.755112940976465
JN555585-	73794	2.2668867314294	4330	0.755112940976465
JN555585-	73796	2.42275246450685	4332	0.755112940976465
JN555585-	73798	4.66073000843912	4333	0.755112940976465
JN555585-	57516	1.84295628995442	4364	0.755112940976465
JN555585-	57517	2.17136841841198	4366	0.755112940976465
JN555585-	41159	1.93619696529209	4372	0.755112940976465
JN555585-	73941	2.65390985453865	4383	0.755112940976465
JN555585-	73940	2.47894926319904	4384	0.755112940976465
JN555585-	73942	5.16992500154231	4385	0.755112940976465
JN555585-	106746	2.27130202191739	4409	0.755112940976465
JN555585-	106755	2.05889368915357	4416	0.755112940976465
JN555585-	106774	2.8008773580864	4433	0.75968567076629
JN555585-	106776	4.83094174247522	4435	0.759991035073681
JN555585-	123175	2.10469737876669	4444	0.761213140512884
JN555585-	90416	2.23786383019889	4455	0.761213140512884
JN555585-	41279	3.95514576431574	4467	0.761213140512884
JN555585-	57685	1.95935801531602	4473	0.761213140512884
JN555585-	41325	3.20645087756743	4482	0.761213140512884
JN555585-	123251	2.12029423381771	4493	0.761213140512884
JN555585-	123250	2.34792330352031	4494	0.761213140512884
JN555585-	139644	4.15707408309247	4505	0.764272940261942
JN555585-	139645	2.13923579747117	4507	0.764272940261942
JN555585-	123271	3.45121111193233	4512	0.764272940261942
JN555585-	123273	2.94341647173363	4513	0.764272940261942
JN555585-	57740	2.38974347893903	4518	0.764272940261942
JN555585-	57748	3.42805082672976	4523	0.764272940261942
JN555585-	57750	3.97628841126251	4530	0.766462491197247
JN555585-	57815	1.91515821141413	4568	0.767339243309725
JN555585-	106981	4.20556333829558	4575	0.767339243309725
JN555585-	90617	2.81378119131704	4597	0.767339243309725
JN555585-	90619	4.44342910003507	4599	0.767339243309725
JN555585-	25115	6.94193754280772	4614	0.767339243309725
JN555585-	25117	2.22132415404896	4617	0.767339243309725
JN555585-	74313	2.31592935436592	4638	0.770412077359348
JN555585-	90710	2.21201040290933	4651	0.771950952215538
JN555585-	107123	2.08662358623701	4662	0.77349147029132
JN555585-	107122	2.9821453051774	4663	0.77349147029132
JN555585-	107124	5.7051480282855	4668	0.77349147029132
JN555585-	107126	7.27431623802411	4670	0.77349147029132
JN555585-	107128	3.99664229096397	4673	0.77349147029132
JN555585-	41613	8.32411802607819	4689	0.77349147029132
JN555585-	41615	5.50894977761083	4690	0.77349147029132
JN555585-	25232	1.88896868771126	4691	0.77349147029132
JN555585-	58047	2.24810786169569	4704	0.77349147029132
JN555585-	74479	1.97143084790323	4728	0.77349147029132
JN555585-	74484	1.97143084790323	4733	0.775033635099726
JN555585-	74509	1.94341647173363	4744	0.779476563688486
JN555585-	41771	1.8756718650978	4753	0.779670045220444
JN555585-	123731	2.74385197985145	4767	0.779670045220444
JN555585-	25496	2.18114943920457	4793	0.779670045220444
JN555585-	25497	2.02587863192561	4794	0.779670045220444
JN555585-	25498	6.44726752394362	4796	0.779670045220444
JN555585-	25499	3.13689620115484	4797	0.779670045220444
JN555585-	25500	4.607514342811	4798	0.779670045220444
JN555585-	123840	1.94341647173363	4811	0.781735464386229
JN555585-	41968	2.74385197985145	4817	0.782769283879331
JN555585-	42000	2.2584251526812	4827	0.785875194747153
JN555585-	58385	4.85030706734215	4829	0.785875194747153
JN555585-	74771	3.33885849064722	4831	0.785875194747153
JN555585-	74773	3.06371070516375	4833	0.785875194747153
JN555585-	74803	2.32072634949121	4842	0.785875194747153
JN555585-	74802	2.54913753233399	4843	0.785875194747153
JN555585-	107579	2.83007499865769	4845	0.785875194747153
JN555585-	107582	3.67642405233116	4848	0.785875194747153
JN555585-	91272	1.92686529546978	4865	0.785875194747153
JN555585-	91358	3.18947779896371	4900	0.785875194747153
JN555585-	91363	2.79585928331977	4903	0.785875194747153
JN555585-	91371	3.07400058154378	4909	0.785875194747153
JN555585-	91370	2.46893050737405	4910	0.785875194747153
JN555585-	91384	2.06391176392019	4916	0.79002683801762
JN555585-	91395	2.06391176392019	4921	0.790291438507643
JN555585-	9496	4.22431729836094	4931	0.791413377957847
JN555585-	25921	2.84295628995442	4956	0.792107148458667
JN555585-	25922	2.1456053223469	4957	0.792107148458667
JN555585-	25936	2.84295628995442	4963	0.792107148458667
JN555585-	124253	2.11559744711631	4966	0.792107148458667
JN555585-	124255	7.76938707195858	4968	0.792107148458667
JN555585-	124257	4.71560486048948	4969	0.792107148458667
JN555585-	124256	5.7042920437367	4970	0.792107148458667
JN555585-	140647	2.47393118843241	4972	0.792107148458667
JN555585-	140644	3.08586073675384	4974	0.792107148458667
JN555585-	58805	5.16664986950945	4995	0.792107148458667
JN555585-	58806	2.084160447764	4996	0.794190462959156
JN555585-	9687	2.90238920347358	5015	0.798366138930349
JN555585-	26079	2.54231816341266	5018	0.79836613893035
JN555585-	58858	2.5094298696538	5023	0.79836613893035
JN555585-	9744	1.84944032352462	5042	0.79836613893035
JN555585-	124446	3.27229732726276	5051	0.79836613893035
JN555585-	9764	1.83650126781712	5055	0.79836613893035
JN555585-	42548	1.91593573531153	5067	0.79836613893035
JN555585-	9814	2.21759143517263	5075	0.79836613893035
JN555585-	108170	4.67764450333101	5090	0.800877358086399
JN555585-	91843	4.62303771836717	5105	0.804652401777781
JN555585-	91845	1.98564470712293	5106	0.804652401777781
JN555585-	124622	4.42595115953059	5111	0.804652401777781
JN555585-	124624	2.9808911771523	5113	0.804652401777781
JN555585-	108251	2.11403524334603	5120	0.804652401777781
JN555585-	75482	1.84944032352462	5121	0.804652401777781
JN555585-	91876	5.92635641829698	5132	0.804652401777781
JN555585-	91944	3.32996541405278	5165	0.804652401777781
JN555585-	141119	3.38961490249894	5176	0.804652401777781
JN555585-	141146	2.08926733819709	5199	0.809701208171946
JN555585-	92013	2.02326977942285	5206	0.810966175709983
JN555585-	124795	3.25153876709596	5210	0.810966175709983
JN555585-	124800	2.85725982798392	5214	0.810966175709983
JN555585-	124808	4.254289378112	5224	0.810966175709983
JN555585-	124810	2.32192809498736	5226	0.810966175709983
JN555585-	141237	2.49410907037004	5250	0.810966175709983
JN555585-	26610	2.51832530779087	5266	0.810966175709983
JN555585-	26613	3.16907660690399	5269	0.810966175709983
JN555585-	26614	1.8512982697452	5270	0.810966175709983
JN555585-	26615	8.32074118003692	5271	0.810966175709983
JN555585-	59420	2.16488438484178	5282	0.810966175709983
JN555585-	59422	2.16488438484178	5284	0.810966175709983
JN555585-	43051	2.97852027268955	5291	0.813499442455505
JN555585-	108591	1.84944032352462	5294	0.813836690127848
JN555585-	26721	3.22431729836094	5313	0.81730770258381
JN555585-	92412	2.88230495743025	5374	0.81730770258381
JN555585-	43360	1.92275700116754	5399	0.817463810665769
JN555585-	92538	1.82908887766582	5409	0.822143522447376
JN555585-	92545	3.02487466879885	5411	0.822765571469217
JN555585-	108959	2.67642405233116	5421	0.823677227459537
JN555585-	108961	1.84944032352462	5423	0.823677227459537
JN555585-	27045	9.56139402968275	5426	0.823677227459537
JN555585-	27048	2.14217208418536	5427	0.823677227459537
JN555585-	92753	8.7074722891707	5474	0.823677227459537
JN555585-	92752	1.98824415835031	5475	0.823677227459537
JN555585-	92754	4.32473216786407	5476	0.823677227459537
JN555585-	109163	4.16680902832046	5480	0.823677227459537
JN555585-	109167	5.25153876709596	5482	0.823677227459537
JN555585-	109169	4.32545116155106	5484	0.823677227459537
JN555585-	109168	5.20328359848874	5485	0.823677227459537
JN555585-	10948	3.36182082211088	5504	0.823677227459537
JN555585-	10949	2.88230495743025	5505	0.823677227459537
JN555585-	10950	2.18442457123743	5506	0.823677227459537
JN555585-	142058	4.23910166385774	5513	0.826232932363294
JN555585-	142059	2.2688167585278	5514	0.826232932363294
JN555585-	142060	2.69548895829005	5516	0.827939254059284
JN555585-	109303	3.59267746594916	5524	0.827939254313697
JN555585-	109302	8.32370663851348	5525	0.827939254313697
JN555585-	109305	2.13512927498065	5526	0.827939254313697
JN555585-	60220	3.05222995887256	5547	0.830074998657688
JN555585-	43863	2.48735170419473	5558	0.830074998657688
JN555585-	125898	2.0165828842956	5597	0.830074998657688
JN555585-	142297	2.53533173309656	5605	0.830074998657688
JN555585-	11247	2.55639334862439	5613	0.830074998657688
JN555585-	11250	1.95735566269151	5615	0.832213909414022
JN555585-	142320	1.93649705779384	5616	0.832213909414022
JN555585-	44021	2.66985139840767	5620	0.832213909414022
JN555585-	125963	4.54952880732657	5635	0.836501267817121
JN555585-	125962	2.68543529362612	5638	0.836501267817121
JN555585-	125965	3.7326004017048	5639	0.836501267817121
JN555585-	125964	5.41317715735332	5640	0.836501267817121
JN555585-	27677	2.78587519474715	5647	0.836501267817121
JN555585-	60489	1.84295628995442	5662	0.836501267817121
JN555585-	60517	2.40863972818069	5671	0.836501267817121
JN555585-	27803	2.49410907037004	5684	0.836501267817121
JN555585-	109735	3.58702496727805	5692	0.836501267817121
JN555585-	93367	1.97143084790323	5704	0.836501267817121
JN555585-	60656	5.2804514590112	5734	0.836501267817121
JN555585-	60657	2.0538930080952	5735	0.836501267817121
JN555585-	77103	2.12600788480736	5754	0.840801405250746
JN555585-	11606	2.66985139840767	5784	0.84295628995442
JN555585-	28065	1.90914656964889	5827	0.84295628995442
JN555585-	142760	2.57060720784409	5832	0.84295628995442
JN555585-	93643	2.54231816341266	5837	0.84295628995442
JN555585-	126455	1.96437609036928	5852	0.84295628995442
JN555585-	110081	1.98279071006778	5864	0.84295628995442
JN555585-	110080	2.47966755798156	5865	0.84295628995442
JN555585-	110082	1.98279071006778	5866	0.84295628995442
JN555585-	110099	2.24582511590157	5869	0.84295628995442
JN555585-	110100	3.2804514590112	5873	0.84295628995442
JN555585-	44640	1.86249647635007	5906	0.849440323524619
JN555585-	110325	2.23786383019889	5931	0.849440323524619
JN555585-	143293	1.96437609036928	5971	0.849440323524619
JN555585-	12225	1.85595363048329	5972	0.849440323524619
JN555585-	61401	2.1113611090477	5989	0.849440323524619
JN555585-	12251	2.45403163099471	5991	0.849440323524619
JN555585-	28637	2.56078957866172	5994	0.849440323524619
JN555585-	12254	1.85595363048329	5996	0.849440323524619
JN555585-	61423	1.85813128378866	6007	0.849440323524619
JN555585-	77815	2.37395030733564	6013	0.849440323524619
JN555585-	28684	6.79184622081315	6021	0.852388498736167
JN555585-	28685	4.16714657980559	6022	0.852693301319707
JN555585-	28686	2.09072977627557	6023	0.852693301319707
JN555585-	28687	6.20244327517158	6025	0.852933284827839
JN555585-	61474	5.51973487804554	6034	0.853779258989946
JN555585-	61475	3.19319478086516	6035	0.853779258989946
JN555585-	61476	3.08926733819709	6037	0.853779259248956
JN555585-	143467	2.44091613120445	6072	0.855953630483293
JN555585-	143531	1.86249647635007	6083	0.855953630483293
JN555585-	12494	7.95707291621522	6107	0.855953630483293
JN555585-	12495	3.66543172443387	6108	0.855953630483293
JN555585-	12497	3.77664929573869	6110	0.855953630483293
JN555585-	78107	2.27928375757887	6124	0.855953630483293
JN555585-	110945	1.9296106722086	6149	0.855953630483293
JN555585-	61870	3.70134168453548	6175	0.862496476350065
JN555585-	61873	3.27462238020901	6176	0.862496476350065
JN555585-	61875	3.14328587644394	6178	0.862496476350065
JN555585-	61876	2.66657626637481	6179	0.862496476350065
JN555585-	29126	3.38218861980484	6182	0.862496476350065
JN555585-	127545	2.76471058474911	6215	0.862496476350065
JN555585-	127544	2.26534456662099	6217	0.862496476350065
JN555585-	29246	2.49410907037004	6221	0.862496476350065
JN555585-	29249	3.40284809037093	6223	0.862496476350065
JN555585-	78498	3.63188354820865	6271	0.862496476350065
JN555585-	29360	1.97852027268955	6287	0.869069130273551
JN555585-	144066	2.79836613893035	6304	0.869069130273551
JN555585-	144079	2.61200732383538	6313	0.869069130273551
JN555585-	111332	4.63226821559951	6329	0.869069130273551
JN555585-	111334	3.77486220202473	6331	0.869069130273551
JN555585-	13043	3.5077195018887	6341	0.869069130273551
JN555585-	13140	1.83007499865769	6382	0.869069130273551
JN555585-	62312	2.2688167585278	6388	0.869069130273551
JN555585-	62313	4.790697578204	6391	0.869069130273551
JN555585-	144243	2.47839083662311	6405	0.869069130273551
JN555585-	62323	2.69548895829005	6406	0.869069130273551
JN555585-	144244	1.87714325231447	6410	0.871266685977797
JN555585-	144257	2.10100856304979	6423	0.875671865097798
JN555585-	144310	5.27130202191739	6470	0.875671865097798
JN555585-	144308	2.04323527648767	6473	0.875671865097798
JN555585-	144309	2.88608329666768	6474	0.875671865097798
JN555585-	111551	1.83650126781712	6482	0.875671865097798
JN555585-	111552	2.16488438484178	6485	0.875671865097798
JN555585-	78817	1.86775220180156	6510	0.875671865097798
JN555585-	78828	2.14135584934554	6521	0.875671865097798
JN555585-	78849	2.14135584934554	6533	0.875671865097798
JN555585-	29714	2.30757280201029	6544	0.878321443511748
JN555585-	78883	2.89432192220546	6553	0.882304957430245
JN555585-	46179	2.16272949988142	6573	0.882304957430245
JN555585-	46199	1.83007499865769	6589	0.882304957430245
JN555585-	46200	2.42791879067558	6590	0.882304957430245
JN555585-	144547	1.885632975148	6611	0.882304957430245
JN555585-	13487	2.44091613120445	6615	0.882304957430245
JN555585-	144594	3.30485458162842	6628	0.882304957430245
JN555585-	144593	4.33963009672082	6632	0.882304957430245
JN555585-	144597	2.4672674581514	6636	0.882304957430245
JN555585-	144600	2.19759995998516	6639	0.882304957430245
JN555585-	144620	1.86906913027355	6653	0.882304957430245
JN555585-	144621	3.44290429281179	6655	0.882304957430245
JN555585-	13566	3.83650126781712	6668	0.882304957430245
JN555585-	46339	1.83007499865769	6672	0.882304957430245
JN555585-	46352	2.42791879067558	6680	0.882304957430245
JN555585-	46355	2.65679524558222	6681	0.882304957430245
JN555585-	111992	2.91593573531153	6711	0.888968687711256
JN555585-	144800	2.51457317292976	6737	0.888968687711256
JN555585-	144801	2.71311885231184	6738	0.888968687711256
JN555585-	46581	7.69880750190733	6761	0.888968687711256
JN555585-	46582	3.78907471563903	6762	0.888968687711256
JN555585-	46583	2.90935186902248	6763	0.888968687711256
JN555585-	112129	5.50869660659309	6772	0.888968687711256
JN555585-	112131	6.39253276656763	6775	0.888968687711256
JN555585-	46597	5.16064006331998	6778	0.888968687711256
JN555585-	112132	2.02261830276202	6779	0.888968687711256
JN555585-	144954	2.26771356982566	6794	0.888968687711256
JN555585-	112228	1.9105018492609	6816	0.888968687711256
JN555585-	112265	5.92599941865622	6824	0.888968687711256
JN555585-	30358	1.88896868771126	6836	0.888968687711256
JN555585-	145059	3.09857419744621	6855	0.893428335901956
JN555585-	145074	2.13895035477321	6862	0.894545405555123
JN555585-	14086	2.9296106722086	6889	0.895663340285264
JN555585-	145163	6.12592244007496	6890	0.895663340285264
JN555585-	145164	2.05246741999414	6894	0.895663340285264
JN555585-	145168	7.32002689325267	6899	0.895663340285264
JN555585-	30532	1.86906913027355	6909	0.895663340285264
JN555585-	63320	5.28876123105216	6923	0.895663340285264
JN555585-	63321	2.64950275301587	6924	0.895663340285264
JN555585-	96114	1.97852027268955	6937	0.895663340285264
JN555585-	112579	4.72499295260013	6972	0.895663340285264
JN555585-	112580	2.39051518024478	6974	0.895663340285264
JN555585-	79842	2.45121111193233	6992	0.895663340285264
JN555585-	79860	3.49120917986425	7003	0.895663340285264
JN555585-	129074	2.28630418525664	7048	0.902389203473578
JN555585-	145462	6.16516005337356	7049	0.902389203473578
JN555585-	145461	7.1466441777064	7050	0.902389203473578
JN555585-	145464	4.00103086476758	7053	0.902389203473578
JN555585-	145465	3.91337003120139	7056	0.902389203473578
JN555585-	63583	2.60432782568809	7079	0.902389203473578
JN555585-	112774	4.0000000001	7094	0.902389203473578
JN555585-	63650	3.1544713491358	7114	0.902389203473578
JN555585-	63652	4.87397597323578	7115	0.902389203473578
JN555585-	63654	3.73191236653992	7117	0.902389203473578
JN555585-	63670	2.90361546367566	7122	0.902389203473578
JN555585-	31013	2.13289427059735	7161	0.902389203473578
JN555585-	112952	2.0350469471992	7170	0.905388570901211
JN555585-	112954	2.0350469471992	7172	0.905388570901211
JN555585-	112957	2.3040061869901	7173	0.905388570901211
JN555585-	112956	2.3040061869901	7174	0.905388570901211
JN555585-	80194	1.86249647635007	7177	0.905763930254234
JN555585-	112983	2.31592935436592	7186	0.906890595708518
JN555585-	112985	2.04692104748749	7187	0.907792562002911
JN555585-	47520	2.46505303761351	7226	0.909146569648887
JN555585-	113089	4.60237955389857	7244	0.909146569648887
JN555585-	113091	2.58316025818717	7246	0.909146569648887
JN555585-	113090	3.17897014114532	7247	0.909146569648887
JN555585-	113112	3.27928375757887	7265	0.909146569648887
JN555585-	14819	2.12658049666514	7271	0.909146569648887
JN555585-	14826	3.66985139840767	7277	0.909146569648887
JN555585-	47619	1.88896868771126	7286	0.909146569648887
JN555585-	96785	2.4672674581514	7292	0.909146569648887
JN555585-	113193	3.9808911771523	7306	0.909146569648887
JN555585-	113194	2.69484011859353	7308	0.909146569648887
JN555585-	113196	3.89432192220546	7309	0.909146569648887
JN555585-	80469	2.13293105949564	7320	0.909146569648887
JN555585-	80471	9.29756036869429	7321	0.909146569648887
JN555585-	80473	4.60972610866016	7323	0.909146569648887
JN555585-	80472	3.93115966716711	7324	0.909146569648887
JN555585-	96856	1.8756718650978	7325	0.909146569648887
JN555585-	14991	2.77173101242688	7337	0.910871531950178
JN555585-	64199	1.90914656964889	7349	0.914279775986782
JN555585-	31487	3.16077330317278	7375	0.915935735311525
JN555585-	47906	5.64055104515105	7388	0.915935735311525
JN555585-	47909	6.70291061593931	7391	0.915935735311525
JN555585-	31607	7.66719837365624	7407	0.915935735311525
JN555585-	31608	4.62047985178535	7409	0.915935735311525
JN555585-	31610	3.95977264271885	7411	0.915935735311525
JN555585-	47997	2.78587519474715	7414	0.915935735311525
JN555585-	64545	2.40227020330497	7464	0.915935735311525
JN555585-	64548	2.62466262464141	7468	0.915935735311525
JN555585-	130156	2.31114825623412	7480	0.915935735311525
JN555585-	64679	1.9296106722086	7509	0.915935735311525
JN555585-	15616	1.92275700116754	7532	0.915935735311525
JN555585-	15617	2.9503692323754	7533	0.915935735311525
JN555585-	15620	1.92275700116754	7534	0.915935735311525
JN555585-	114047	1.86249647635007	7546	0.915935735311525
JN555585-	114049	2.19759995998516	7549	0.91766883911664
JN555585-	114076	2.44091613120445	7555	0.920479660456474
JN555585-	114164	2.2584251526812	7573	0.92275700116754
JN555585-	81435	1.97143084790323	7580	0.92275700116754
JN555585-	97852	3.09268200260985	7602	0.92275700116754
JN555585-	130622	2.04097178115631	7604	0.92275700116754
JN555585-	16006	3.14135584934554	7630	0.92275700116754
JN555585-	32442	2.19099722516091	7639	0.92275700116754
JN555585-	130901	1.9279389509765	7669	0.92275700116754
JN555585+	98316	2.00965017013372	7705	0.92275700116754
JN555585+	16403	1.86906913027355	7710	0.92275700116754
JN555585+	16405	1.86906913027355	7713	0.92275700116754
JN555585+	98401	2.16119226499971	7756	0.92275700116754
JN555585+	98402	2.35845397101248	7760	0.92275700116754
JN555585+	65653	1.88896868771126	7767	0.925037942418778
JN555585+	65662	1.90914656964889	7781	0.928923837925326
JN555585+	131245	1.85595363048329	7791	0.929610672208602
JN555585+	114868	3.69841235349681	7797	0.929610672208602
JN555585+	131268	1.86906913027355	7809	0.929610672208602
JN555585+	98509	1.8756718650978	7814	0.929610672208602
JN555585+	98510	5.20986958779489	7817	0.929610672208602
JN555585+	114929	2.01866921154407	7846	0.929610672208602
JN555585+	114948	2.38123929092878	7865	0.929610672208602
JN555585+	131366	1.86906913027355	7888	0.929610672208602
JN555585+	131372	2.22431729836094	7894	0.929610672208602
JN555585+	49461	1.88896868771126	7900	0.929610672208602
JN555585+	16696	3.26829013138529	7901	0.929610672208602
JN555585+	16697	4.10823974253177	7902	0.929610672208602
JN555585+	16706	5.06826187168776	7905	0.929610672208602
JN555585+	16707	5.1007138648482	7907	0.929610672208602
JN555585+	16709	5.60071169817421	7908	0.929610672208602
JN555585+	115024	2.81557542896257	7912	0.929610672208602
JN555585+	115027	5.6577953808326	7913	0.929610672208602
JN555585+	115026	2.34693998299544	7914	0.929610672208602
JN555585+	98698	2.23786383019889	7934	0.929610672208602
JN555585+	16956	2.86906913027355	7969	0.936497057793842
JN555585+	16957	2.86906913027355	7970	0.936497057793842
JN555585+	16959	2.86249647635006	7971	0.936497057793842
JN555585+	131692	2.0000000001	7974	0.936497057793842
JN555585+	17063	1.95698711087633	7984	0.936497057793842
JN555585+	49893	3.47393118843241	8000	0.936497057793842
JN555585+	115444	2.2584251526812	8007	0.936497057793842
JN555585+	115447	2.95735566269151	8009	0.936497057793842
JN555585+	99102	3.22431729836094	8018	0.936497057793842
JN555585+	33648	2.71650149170649	8034	0.936497057793842
JN555585+	17299	1.88230495743025	8044	0.936497057793842
JN555585+	33683	1.88896868771126	8045	0.936497057793842
JN555585+	131996	1.98564470712293	8056	0.936497057793842
JN555585+	33713	1.88896868771126	8060	0.936497057793842
JN555585+	115732	1.94310123221196	8077	0.936497057793842
JN555585+	132127	2.62661948494942	8080	0.936497057793842
JN555585+	132130	2.37877395539207	8082	0.936497057793842
JN555585+	132129	5.15823346413118	8083	0.936497057793842
JN555585+	132146	2.11775353159214	8088	0.936497057793842
JN555585+	132147	2.11775353159214	8089	0.936497057793842
JN555585+	132144	7.04368545493418	8090	0.936497057793842
JN555585+	132145	4.7374348396894	8091	0.936497057793842
JN555585+	132150	1.99322677150457	8092	0.936497057793842
JN555585+	132151	3.07647990265612	8093	0.936497057793842
JN555585+	33929	1.92275700116754	8123	0.936497057793842
JN555585+	17566	1.88896868771126	8132	0.936497057793842
JN555585+	115920	1.9503692323754	8145	0.936497057793842
JN555585+	50401	3.12728066413382	8151	0.937878288192203
JN555585+	132347	2.42791879067558	8166	0.939952616430061
JN555585+	132348	2.85595363048329	8167	0.939952616430061
JN555585+	132578	2.53832177570237	8195	0.943416471733632
JN555585+	50662	2.88664737580114	8197	0.943416471733632
JN555585+	50663	5.97106351625493	8198	0.943416471733632
JN555585+	50664	2.25153876709596	8200	0.943416471733632
JN555585+	50665	2.67807190521264	8201	0.943416471733632
JN555585+	50666	6.68393362925006	8202	0.943416471733632
JN555585+	67063	2.8001594207534	8211	0.943416471733632
JN555585+	17931	2.63671765423395	8217	0.943416471733632
JN555585+	99863	2.48062584100642	8224	0.943416471733632
JN555585+	99865	1.88230495743025	8225	0.943416471733632
JN555585+	17949	2.09541956517868	8226	0.943416471733632
JN555585+	132655	3.06491747678134	8232	0.943416471733632
JN555585+	99896	1.88230495743025	8237	0.943416471733632
JN555585+	18044	1.83650126781712	8256	0.943416471733632
JN555585+	34544	1.90914656964889	8306	0.943416471733632
JN555585+	34547	1.91593573531153	8307	0.943416471733632
JN555585+	132943	1.89399562874011	8332	0.943416471733632
JN555585+	132944	1.89399562874011	8336	0.943416471733632
JN555585+	132948	2.5882437813275	8341	0.943416471733632
JN555585+	132949	3.31053789626077	8342	0.943416471733632
JN555585+	67433	1.91593573531153	8353	0.943416471733632
JN555585+	67480	5.3536369547147	8371	0.943416471733632
JN555585+	133029	2.223194141402	8378	0.943416471733632
JN555585+	133035	1.96015973556821	8379	0.943416471733632
JN555585+	133281	2.1456053223469	8426	0.9503692323754
JN555585+	133498	2.09541956517868	8474	0.9503692323754
JN555585+	84393	7.03993553144968	8483	0.9503692323754
JN555585+	84392	7.51806139211449	8484	0.9503692323754
JN555585+	51632	3.1214895073251	8487	0.9503692323754
JN555585+	51634	10.0314043685056	8488	0.9503692323754
JN555585+	51636	2.4285070455424	8489	0.9503692323754
JN555585+	18980	3.07231420491589	8505	0.9503692323754
JN555585+	18982	2.89566334028526	8507	0.9503692323754
JN555585+	133821	2.17657670910374	8545	0.9503692323754
JN555585+	51961	1.91593573531153	8561	0.9503692323754
JN555585+	68406	1.95735566269151	8572	0.9503692323754
JN555585+	134127	4.19134398517722	8619	0.9503692323754
JN555585+	52237	2.50827776659797	8628	0.9503692323754
JN555585+	117948	3.91024960779843	8668	0.957355662691506
JN555585+	117950	3.40822794138158	8669	0.957355662691506
JN555585+	117979	2.67261518285615	8674	0.957355662691506
JN555585+	117978	7.46063436581895	8675	0.957355662691506
JN555585+	117980	2.21998993122114	8676	0.957355662691506
JN555585+	118139	5.6686595808753	8699	0.957355662691506
JN555585+	118141	4.82888808370725	8701	0.957355662691506
JN555585+	118140	2.23786383019889	8703	0.957355662691506
JN555585+	118142	3.34617564123404	8705	0.957355662691506
JN555585+	134530	1.90238920347358	8707	0.957355662691506
JN555585+	118144	4.70274987892829	8708	0.957355662691506
JN555585+	134534	2.9296106722086	8709	0.957355662691506
JN555585+	52621	2.5649048484799	8715	0.957355662691506
JN555585+	69063	3.22017459618663	8738	0.957355662691506
JN555585+	69064	6.16244988098017	8743	0.957355662691506
JN555585+	52703	1.88515707376124	8761	0.957355662691506
JN555585+	52710	2.08543547660606	8766	0.957355662691506
JN555585+	52718	2.08926733819709	8774	0.957355662691506
JN555585+	52719	1.89279039866366	8775	0.957355662691506
JN555585+	52721	2.28630418525664	8778	0.957355662691506
JN555585+	52722	2.47794425093904	8779	0.957355662691506
JN555585+	52723	2.49410907037004	8780	0.957355662691506
JN555585+	36344	1.93649705779384	8786	0.957355662691506
JN555585+	118331	2.40681699257388	8809	0.957355662691506
JN555585+	118330	5.02759755866403	8811	0.957355662691506
JN555585+	118332	2.17897014114532	8813	0.957355662691506
JN555585+	118353	2.78587519474715	8820	0.957355662691506
JN555585+	102092	1.9928044986958	8843	0.957355662691506
JN555585+	69331	3.26748031096499	8845	0.957355662691506
JN555585+	69333	4.14505033290328	8848	0.957355662691506
JN555585+	69334	4.62650894631083	8851	0.957355662691506
JN555585+	20262	2.27928375757887	8866	0.96203214990098
JN555585+	134966	3.16992500154231	8873	0.963962176604697
JN555585+	69441	4.35631390651597	8875	0.964376090369279
JN555585+	69443	5.98292450640717	8876	0.964376090369279
JN555585+	118615	1.99383023285979	8883	0.964376090369279
JN555585+	118617	7.5190264961599	8884	0.964376090369279
JN555585+	118616	3.40227020330497	8885	0.964376090369279
JN555585+	118620	4.80637160163273	8892	0.964376090369279
JN555585+	118646	2.16812275890833	8903	0.964376090369279
JN555585+	135122	2.15983440130283	8927	0.964376090369279
JN555585+	118744	2.04097178115631	8933	0.964376090369279
JN555585+	135198	1.93799096214956	8948	0.964376090369279
JN555585+	118969	2.26534456662099	8977	0.964376090369279
JN555585+	86216	5.88201592706949	8983	0.964376090369279
JN555585+	86219	2.23689199113156	8984	0.964376090369279
JN555585+	135456	1.93649705779384	9009	0.964376090369279
JN555585+	70012	2.23107466453625	9043	0.964376090369279
JN555585+	21052	2.2446850960549	9081	0.971430847903229
JN555585+	21054	1.91593573531153	9082	0.971430847903229
JN555585+	119594	1.89566334028526	9125	0.971430847903229
JN555585+	70485	4.93190248371659	9134	0.971430847903229
JN555585+	70487	3.58144801664492	9135	0.971430847903229
JN555585+	70488	8.51167575319622	9137	0.971430847903229
JN555585+	136033	3.8092797990821	9142	0.971430847903229
JN555585+	136063	1.83650126781712	9151	0.971430847903229
JN555585+	70619	3.01741705317741	9175	0.971430847903229
JN555585+	70618	2.25727513664511	9177	0.971430847903229
JN555585+	103412	2.6338721013021	9202	0.971430847903229
JN555585+	103415	4.31128085078785	9203	0.971430847903229
JN555585+	103417	5.10893437165316	9207	0.971430847903229
JN555585+	103419	2.00965017013372	9209	0.971430847903229
JN555585+	54271	2.31473259358316	9215	0.971430847903229
JN555585+	21535	1.90914656964889	9229	0.971430847903229
JN555585+	103519	2.46063436581895	9252	0.971430847903229
JN555585+	136299	1.90914656964889	9255	0.974971205608477
JN555585+	136333	1.90238920347358	9263	0.976744647799697
JN555585+	70815	3.42543267074122	9266	0.977874337797755
JN555585+	103637	2.27928375757887	9301	0.978520272689549
JN555585+	120070	2.1456053223469	9309	0.978520272689549
JN555585+	87547	3.92836212601134	9385	0.978520272689549
JN555585+	87546	3.23689199113156	9386	0.978520272689549
JN555585+	87549	3.12512738755366	9387	0.978520272689549
JN555585+	87548	1.97615325814563	9388	0.978520272689549
JN555585+	136734	7.93945013694863	9404	0.978520272689549
JN555585+	136732	4.6976735631198	9406	0.978520272689549
JN555585+	87594	2.19382326923968	9411	0.978520272689549
JN555585+	136787	2.8485741001177	9425	0.983265984340199
JN555585+	54921	1.85595363048329	9435	0.98564470712293
JN555585+	54922	4.12029423381771	9436	0.98564470712293
JN555585+	22250	2.6830267871554	9462	0.98564470712293
JN555585+	22253	2.88230495743025	9464	0.98564470712293
JN555585+	87806	1.94341647173363	9472	0.98564470712293
JN555585+	87852	1.95455702933883	9494	0.98564470712293
JN555585+	137075	2.2584251526812	9518	0.98564470712293
JN555585+	88071	2.12029423381771	9548	0.98564470712293
JN555585+	137266	2.72329065736913	9560	0.98564470712293
JN555585+	88120	2.11403524334603	9566	0.98564470712293
JN555585+	22664	4.17540769787999	9596	0.992382349046391
JN555585+	22667	3.3519406640538	9598	0.992548179186723
JN555585+	22670	2.55639334862439	9599	0.992804498695796
JN555585+	22688	3.43440282424577	9611	0.992804498695796
JN555585+	22689	2.55215635573791	9612	0.992804498695796
JN555585+	22692	2.81519076157171	9613	0.992804498695796
JN555585+	88251	2.51457317292976	9620	0.992804498695796
JN555585+	22756	2.93915444487947	9632	0.992804498695796
JN555585+	137493	2.52837897245479	9644	0.992804498695796
JN555585+	137625	4.0000000001	9679	0.992804498695796
JN555585+	22942	2.44493898509271	9682	0.992804498695796
JN555585+	22943	7.05644221015947	9683	0.992804498695796
JN555585+	22945	3.65008814358624	9685	0.992804498695796
JN555585+	88524	2.13870627093159	9697	0.992804498695796
JN555585+	88541	2.56704059282389	9706	0.992804498695796
JN555585+	88542	3.04259187682447	9709	0.992804498695796
JN555585+	137697	2.0750133542753	9712	0.992804498695796
JN555585+	23027	4.04113224998923	9720	0.992804498695796
JN555585+	23029	5.49467676999602	9724	0.992804498695796
JN555585+	137849	1.88896868771126	9758	0.995199013836179
JN555585+	23178	2.13289427059735	9764	0.999575740012676
JN555585+	56002	2.2584251526812	9780	1.0000000001
JN555585+	88771	5.19907134720183	9781	1.0000000001
JN555585+	88770	2.23022826085055	9783	1.0000000001
JN555585+	56005	2.521459558515	9785	1.0000000001
JN555585+	88774	2.5649048484799	9787	1.0000000001
JN555585+	88780	4.13379849816746	9792	1.0000000001
JN555585+	39645	3.87832144351175	9802	1.0000000001
JN555585+	88885	1.9378782881922	9837	1.0000000001
JN555585+	56133	6.7739167304391	9846	1.0000000001
JN555585+	56136	6.22189927665609	9848	1.0000000001
JN555585+	138083	2.50089823603268	9865	1.0000000001
JN555585+	138114	2.76121314051288	9874	1.0000000001
JN555585+	89047	2.27628542943165	9909	1.01207283240057
JN555585+	138196	4.09060254888091	9911	1.01449956979511
JN555585+	89048	2.04890960058095	9914	1.01595757400298
JN555585+	121833	5.97827522894528	9926	1.01936532496693
JN555585+	121832	3.75802720979404	9927	1.02180437041835
JN555585+	138227	4.95402457129961	9936	1.02424754634668
JN555585+	138225	2.45898084696644	9940	1.02669486676542
JN555585+	121853	1.97547768096593	9951	1.02914634575952
JN555585+	121873	2.50225991149091	9970	1.03899413171586
JN555585+	121872	3.38332863965151	9972	1.03899413171586
JN555585+	23571	1.9105018492609	9974	1.03899413171586
JN555585+	23585	2.18989970130358	9983	1.03968050839264
JN555585+	23593	1.91593573531153	9987	1.04245679934289
JN555585+	138344	5.80804779527182	10018	1.04890960058095
JN555585+	138345	8.72821219769733	10019	1.04890960058095
JN555585+	23734	3.76121314051288	10035	1.0538930080952
JN555585+	23757	2.02326977942285	10040	1.05528034843648
JN555585+	89347	2.81378119131704	10075	1.06894735381749
JN555585+	89350	1.9378782881922	10079	1.06894735381749
JN555585+	138554	2.43998385650907	10116	1.08543547660606
JN555585+	23987	2.40863972818069	10164	1.10469737876669
JN555585+	138698	1.87378228389658	10168	1.10469737876669
JN555585+	138696	4.60990885795139	10169	1.10469737876669
JN555585+	138715	2.06642736183898	10177	1.10987761787237
JN555585+	138718	2.23258060939208	10179	1.10987761787237
JN555585+	138719	4.93490497187812	10180	1.10987761787237
JN555585+	138717	1.86624861121117	10182	1.11091590150185
JN555585+	138720	2.77444029968487	10186	1.11460312173986
JN555585+	40421	4.63005039034969	10188	1.11507652454669
JN555585+	138793	2.16632276486212	10224	1.12553088218386
JN555585+	138867	2.75849875581585	10253	1.14135584934554
JN555585+	56978	2.2584251526812	10266	1.14666964924201
JN555585+	106141	2.19759995998516	10271	1.15200309354505
JN555585+	89773	7.13005471807481	10277	1.15200309354505
JN555585+	89776	3.5428785421499	10281	1.15200309354505
JN555585+	106180	1.86906913027355	10289	1.15638153405562
JN555585+	106197	3.06558834172758	10294	1.15735632803926
JN555585+	138970	2.15735632803926	10299	1.15930789416828
JN555585+	138969	1.88896868771126	10301	1.16234503776651
JN555585+	138975	1.89432192220546	10302	1.16272950013811
JN555585+	138973	2.39051518024478	10304	1.16272950013811
JN555585+	138987	2.16812275890833	10308	1.16272950013811
JN555585+	138988	1.89969509430431	10311	1.16542360930737
JN555585+	57105	1.9928044986958	10322	1.16812275890833
JN555585+	139034	1.86775220180156	10325	1.16812275890833
JN555585+	89889	1.97709959798992	10327	1.16812275890833
JN555585+	89948	2.26303440593379	10333	1.16812275890833
JN555585+	89951	1.98850436126217	10335	1.17082696783671
JN555585+	89952	3.01741705317741	10337	1.17172949838906
JN555585+	89961	3.52047377436944	10343	1.17353625509469
JN555585+	40819	3.3351034837351	10353	1.17353625509469
JN555585+	40822	4.09268200260985	10355	1.17353625509469
JN555585+	122774	5.16770717629249	10367	1.17897014114532
JN555585+	122777	1.99424073081132	10368	1.17897014114532
JN555585+	139190	2.68122304233921	10382	1.18442457123743
JN555585+	139194	3.14135584934554	10388	1.18989970130358
JN555585+	139195	3.92139016540363	10390	1.18989970130358
JN555585+	139193	5.34617564123404	10392	1.18989970130358
JN555585+	90193	3.42197910879769	10452	1.200912694026
JN555585+	90195	4.11387511292344	10456	1.200912694026
JN555585+	90194	3.85062237606177	10457	1.20275639400968
JN555585+	90198	2.55487870802239	10461	1.20645087756743
JN555585+	41076	1.9503692323754	10475	1.20645087756743
JN555585+	90229	3.0172592004456	10476	1.20645087756743
JN555585+	90230	2.37863185295011	10479	1.21201040290933
JN555585+	90260	2.11872693867075	10492	1.21479822028095
JN555585+	24756	1.9296106722086	10501	1.21759143517263
JN555585+	139460	2.49120917986425	10506	1.21759143517263
JN555585+	106733	2.21201040290933	10530	1.223194141402
JN555585+	90390	2.15842936270448	10544	1.22881869059588
JN555585+	57633	2.77266965594789	10549	1.22881869059588
JN555585+	139557	2.2804514590112	10555	1.23446525373702
JN555585+	106829	2.223194141402	10567	1.23446525373702
JN555585+	106831	3.12600788501211	10568	1.23446525373702
JN555585+	106833	4.79210714845867	10570	1.23871472673838
JN555585+	57711	7.38897591578937	10579	1.24013400382371
JN555585+	57713	3.41587408684264	10581	1.24013400382371
JN555585+	24966	3.54933859109044	10587	1.24013400382371
JN555585+	139699	5.88814687336782	10600	1.2455400253871
JN555585+	139702	3.25683306676548	10602	1.24582511590157
JN555585+	139703	3.0052557255515	10603	1.24582511590157
JN555585+	139701	6.1224293460039	10604	1.24582511590157
JN555585+	41409	2.71650149170649	10609	1.24582511590157
JN555585+	41417	2.21759143517263	10611	1.24582511590157
JN555585+	106959	1.94341647173363	10613	1.24582511590157
JN555585+	139815	2.59509687795487	10646	1.25153876709596
JN555585+	90666	2.24582511590157	10649	1.25153876709596
JN555585+	139858	1.84511439812183	10680	1.26303440593379
JN555585+	139859	2.07183274486107	10681	1.26303440593379
JN555585+	139880	2.02494635723023	10696	1.2688167585278
JN555585+	139889	3.05889368915357	10704	1.27171664903359
JN555585+	139902	3.18852896957016	10708	1.27420691746947
JN555585+	107154	2.76611193992572	10726	1.27578631334264
JN555585+	107168	2.01449956979511	10736	1.2804514590112
JN555585+	107179	2.61902433689479	10742	1.28191241613948
JN555585+	107180	4.61678794667655	10748	1.28630418525664
JN555585+	41648	1.90914656964889	10751	1.28630418525664
JN555585+	139975	2.20328359848874	10763	1.29218075159331
JN555585+	41691	2.5077195018887	10780	1.29218075159331
JN555585+	139996	2.49919794704284	10784	1.29218075159331
JN555585+	140016	1.87832144351175	10798	1.29808135303299
JN555585+	58113	1.97143084790323	10805	1.29829104817603
JN555585+	107369	3.01053066759217	10853	1.32192809498736
JN555585+	107370	4.66657626637481	10857	1.32192809498736
JN555585+	107386	1.84684321203858	10865	1.32795188261513
JN555585+	91008	5.05564802964992	10871	1.32795188261513
JN555585+	91011	5.54775960029058	10872	1.32795188261513
JN555585+	41861	3.57507791188931	10876	1.32795188261513
JN555585+	41862	7.64892717942215	10879	1.33313522335756
JN555585+	140164	2.61043318833727	10881	1.33400092728794
JN555585+	41865	3.31659465068432	10883	1.33400092728794
JN555585+	123841	2.521459558515	10902	1.33885849064722
JN555585+	91076	5.67572068852998	10905	1.34007544169762
JN555585+	140266	4.58781323337042	10921	1.34439837530142
JN555585+	140267	2.80366348838611	10922	1.3456200103561
JN555585+	140265	2.33056085966539	10925	1.34617564123404
JN555585+	140287	2.53258876586698	10941	1.34617564123404
JN555585+	140285	1.93378031435578	10943	1.34617564123404
JN555585+	41991	3.521459558515	10947	1.34617564123404
JN555585+	9244	2.72400881223772	10955	1.35051691994074
JN555585+	9245	8.4832352531372	10956	1.35051691994074
JN555585+	9246	5.51976740011001	10958	1.35174374922341
JN555585+	9248	3.15111895376503	10959	1.35230174403088
JN555585+	91283	3.33867135882194	10994	1.35845397101248
JN555585+	91284	2.61043318833727	10996	1.35845397101248
JN555585+	91286	1.92139016540363	10997	1.35845397101248
JN555585+	107676	2.95735566269151	11000	1.35845397101248
JN555585+	91296	5.17485970720189	11002	1.35845397101248
JN555585+	9477	2.03758318290816	11057	1.37395030733564
JN555585+	9480	3.06750681945828	11059	1.37550913519221
JN555585+	9482	3.06750681945828	11062	1.37706964917982
JN555585+	140552	2.06436881902354	11064	1.37706964917982
JN555585+	9491	4.27612440537424	11074	1.37706964917982
JN555585+	42311	1.86687491686064	11120	1.38961490249894
JN555585+	124243	2.52284078891336	11143	1.39592867643114
JN555585+	124248	1.99588389162777	11153	1.40227020330497
JN555585+	124250	4.13989341126705	11158	1.40227020330497
JN555585+	42338	1.83221390941402	11173	1.40765796907174
JN555585+	124259	4.34395440131736	11175	1.40863972818069
JN555585+	124260	5.36027440663685	11178	1.40863972818069
JN555585+	140654	2.10103535657942	11181	1.40863972818069
JN555585+	42354	2.0207585602668	11186	1.4090387587574
JN555585+	91523	2.72329065736913	11197	1.41503749937884
JN555585+	58792	3.68608442526402	11236	1.42106128700661
JN555585+	42472	2.66657626637481	11275	1.42791879067558
JN555585+	42500	2.41985451567662	11284	1.42791879067558
JN555585+	42501	4.63856189020521	11285	1.42791879067558
JN555585+	42503	2.22720943773422	11286	1.42791879067558
JN555585+	9739	5.45798964456339	11288	1.42791879067558
JN555585+	9742	3.10469737876669	11289	1.42791879067558
JN555585+	9743	6.10805330177289	11290	1.42791879067558
JN555585+	9745	3.90689059570852	11292	1.42791879067558
JN555585+	140822	2.15200309354505	11294	1.42791879067558
JN555585+	140846	2.40863972818069	11305	1.43419975646574
JN555585+	108184	3.95580019618947	11361	1.4452747287686
JN555585+	59060	3.03899413171586	11367	1.44745897707122
JN555585+	140987	1.8756718650978	11371	1.44745897707122
JN555585+	59087	1.84295628995442	11377	1.44745897707122
JN555585+	59089	2.17136841841198	11379	1.44745897707122
JN555585+	108275	3.44342910003507	11392	1.44745897707122
JN555585+	91899	2.0000000001	11394	1.44909933545248
JN555585+	91914	2.0000000001	11399	1.44909933545248
JN555585+	91927	2.69548895829005	11405	1.45403163099471
JN555585+	108336	3.01936532496693	11409	1.45403163099471
JN555585+	91994	3.94959504666276	11429	1.46063436581895
JN555585+	141171	6.77067631518985	11435	1.46063436581895
JN555585+	141174	4.09139048367103	11438	1.46063436581895
JN555585+	141172	6.36529737527998	11441	1.46063436581895
JN555585+	141173	5.03685763211376	11442	1.46063436581895
JN555585+	141176	2.90395667866661	11445	1.46195854676634
JN555585+	10175	1.8712666859778	11463	1.4672674581514
JN555585+	10182	2.90238920347358	11466	1.4672674581514
JN555585+	10184	2.47393118843241	11468	1.4672674581514
JN555585+	10185	2.62593428187746	11469	1.4672674581514
JN555585+	10186	2.29070936437664	11470	1.4672674581514
JN555585+	10304	2.65290132947773	11543	1.47894926319904
JN555585+	124992	4.24827105326205	11544	1.47894926319904
JN555585+	124994	2.57469416536733	11547	1.47894926319904
JN555585+	10310	2.32644357610986	11551	1.48062584100642
JN555585+	10314	2.66200353658498	11557	1.48062584100642
JN555585+	10323	2.35845397101248	11562	1.48062584100642
JN555585+	141408	2.12029423381771	11576	1.48735170419473
JN555585+	10430	2.16812275890833	11616	1.48903808082262
JN555585+	43236	4.22431729836094	11635	1.49410907037004
JN555585+	141541	2.07704103586383	11641	1.49410907037004
JN555585+	10472	2.04097178115631	11642	1.49410907037004
JN555585+	141544	2.35230174403088	11644	1.49410907037004
JN555585+	141578	2.09541956517868	11653	1.49919794704284
JN555585+	92462	2.45403163099471	11665	1.50089823603268
JN555585+	92488	2.68965987948785	11676	1.50089823603268
JN555585+	10588	2.84295628995442	11682	1.50089823603268
JN555585+	27040	2.521459558515	11694	1.50723119758859
JN555585+	27043	2.521459558515	11695	1.5077195018887
JN555585+	108985	3.94341647173363	11704	1.5077195018887
JN555585+	92644	4.64385618987472	11718	1.50785753536901
JN555585+	10739	1.94897599707553	11725	1.51114226752948
JN555585+	10746	2.21759143517263	11727	1.51457317292976
JN555585+	10761	2.17897014114532	11729	1.51457317292976
JN555585+	10799	2.17353625509469	11738	1.51457317292976
JN555585+	10827	1.88896868771126	11754	1.51457317292976
JN555585+	109141	1.97143084790323	11758	1.51457317292976
JN555585+	125612	1.90238920347358	11792	1.521459558515
JN555585+	142017	1.99424073081132	11807	1.52491511715122
JN555585+	10963	3.09894693867401	11814	1.52837897245479
JN555585+	10973	2.92209546731985	11817	1.52837897245479
JN555585+	10974	6.64640737540406	11818	1.52837897245479
JN555585+	10975	2.11681366508275	11819	1.52837897245479
JN555585+	10977	5.99466136205222	11822	1.52837897245479
JN555585+	60159	2.8001594207534	11830	1.52837897245479
JN555585+	92933	7.69463392602403	11832	1.52837897245479
JN555585+	92934	6.392280899416	11833	1.52837897245479
JN555585+	92936	4.58959459608825	11834	1.52837897245479
JN555585+	125739	2.29218075159331	11842	1.52837897245479
JN555585+	125741	2.02326977942285	11843	1.52837897245479
JN555585+	125740	4.65031121201202	11844	1.52837897245479
JN555585+	125777	2.71904368626894	11859	1.53383903245549
JN555585+	11123	2.15200309354505	11869	1.53533173309656
JN555585+	43939	3.09268200260985	11890	1.53533173309656
JN555585+	93092	1.9296106722086	11892	1.53533173309656
JN555585+	11176	1.83650126781712	11895	1.53533173309656
JN555585+	43966	2.48735170419473	11907	1.54231816341266
JN555585+	11210	2.71049338290502	11917	1.54231816341266
JN555585+	11211	4.66657626637481	11918	1.54231816341266
JN555585+	142303	2.26303440593379	11930	1.54231816341266
JN555585+	27625	2.75077139379124	11941	1.5458241069142
JN555585+	142342	3.53832177570237	11951	1.54933859109044
JN555585+	93196	3.84799690665495	11958	1.54933859109044
JN555585+	93216	2.17353625509469	11967	1.54933859109044
JN555585+	93273	1.83650126781712	11993	1.55639334862439
JN555585+	27829	1.90238920347358	12033	1.5634827734107
JN555585+	11540	4.37376702650698	12084	1.57776699941695
JN555585+	11543	5.82623293236329	12090	1.57776699941695
JN555585+	93466	1.87832144351175	12095	1.57776699941695
JN555585+	142628	2.29990178865736	12104	1.58316025818717
JN555585+	142629	7.37104076324835	12105	1.58316025818717
JN555585+	142633	1.91866037264806	12108	1.58496250082116
JN555585+	93513	3.64385618987473	12121	1.58857375437354
JN555585+	93512	2.0000000001	12123	1.58857375437354
JN555585+	93528	2.01449956979511	12131	1.59400764042416
JN555585+	93576	2.8211260419302	12148	1.60493720058242
JN555585+	93585	2.30146399242765	12152	1.60493720058242
JN555585+	93640	2.73096685364476	12169	1.62148837684627
JN555585+	126450	3.22431729836094	12191	1.63823164068085
JN555585+	110081	2.57469416536733	12202	1.64385618987472
JN555585+	110083	3.82367722745954	12205	1.64385618987472
JN555585+	11782	2.99519901383618	12209	1.64950275301587
JN555585+	11783	2.56585367787345	12210	1.64950275301587
JN555585+	11784	6.05274146217197	12212	1.64950275301587
JN555585+	126480	1.86906913027355	12220	1.65744525462268
JN555585+	61059	2.57776699941695	12256	1.67576543782947
JN555585+	110230	3.79585928331977	12270	1.68501351463148
JN555585+	93848	2.65233434379903	12271	1.68501351463148
JN555585+	93866	1.93511714851515	12279	1.69432125685771
JN555585+	93870	2.43162038357445	12281	1.69548895829005
JN555585+	93874	1.93511714851515	12284	1.69841235349681
JN555585+	143087	1.84944032352462	12302	1.70839644206944
JN555585+	12057	2.18442457123743	12316	1.71311885231184
JN555585+	12058	2.88230495743025	12317	1.7170660368285
JN555585+	94002	2.63823164068085	12330	1.72499295260013
JN555585+	28497	1.86249647635007	12350	1.74298938189398
JN555585+	28528	3.9296106722086	12360	1.74903842656678
JN555585+	12162	2.19539568905843	12370	1.75511294097647
JN555585+	143251	8.95490484534972	12374	1.75815981653533
JN555585+	143254	5.21428385993054	12376	1.75849875581585
JN555585+	143252	2.43050890814128	12377	1.75999103507368
JN555585+	12209	3.83650126781712	12388	1.76733924330973
JN555585+	12210	4.47393118843241	12389	1.76733924330973
JN555585+	61385	2.48735170419473	12403	1.76875666118129
JN555585+	94164	2.11091590150185	12413	1.77349147029132
JN555585+	143382	2.00288827942483	12430	1.78232612766608
JN555585+	143383	2.11744587150868	12431	1.78276928387933
JN555585+	12355	3.1456053223469	12438	1.78587519474715
JN555585+	143430	2.57162786231955	12439	1.78587519474715
JN555585+	143431	1.91593573531153	12440	1.78587519474715
JN555585+	143467	3.55942740871402	12448	1.79210714845867
JN555585+	143470	5.54128645623418	12452	1.79419046295916
JN555585+	143468	2.28923947628119	12458	1.79836613893035
JN555585+	143483	2.05289494853213	12462	1.8008773580864
JN555585+	28801	2.75077139379124	12466	1.80465240177778
JN555585+	28802	1.92275700116754	12467	1.80465240177778
JN555585+	77955	2.55639334862439	12468	1.8059129479837
JN555585+	28803	1.92275700116754	12469	1.8059129479837
JN555585+	143506	2.10469737876669	12473	1.81096617570998
JN555585+	110920	2.45403163099471	12534	1.84944032352462
JN555585+	110923	1.85595363048329	12536	1.84944032352462
JN555585+	29054	2.27928375757887	12550	1.86249647635007
JN555585+	110990	3.48735170419473	12562	1.86775220180156
JN555585+	12718	2.79585928331977	12577	1.8756718650978
JN555585+	12719	2.26633576902405	12579	1.8756718650978
JN555585+	45523	2.28630418525664	12589	1.88230495743025
JN555585+	45526	2.55639334862439	12590	1.88230495743025
JN555585+	12771	2.29639300288022	12598	1.885632975148
JN555585+	12783	3.45271470252272	12605	1.88896868771126
JN555585+	143906	2.84684321203858	12631	1.90238920347358
JN555585+	61992	1.90238920347358	12636	1.90914656964889
JN555585+	143934	2.49410907037004	12642	1.90914656964889
JN555585+	143988	3.96284700168253	12663	1.92139016540363
JN555585+	143993	2.17044034180173	12669	1.92275700116754
JN555585+	45703	2.54231816341266	12672	1.92275700116754
JN555585+	144040	4.13951214936185	12688	1.93304975617537
JN555585+	94973	2.2446850960549	12705	1.94341647173363
JN555585+	94972	1.91593573531153	12706	1.94341647173363
JN555585+	13317	2.22535483529231	12743	1.97143084790323
JN555585+	13390	7.78521203912027	12761	1.98279071006778
JN555585+	13393	3.74231882876041	12764	1.98564470712293
JN555585+	111749	1.97709959798992	12771	1.9928044986958
JN555585+	62604	2.23786383019889	12775	1.99424073081132
JN555585+	62605	1.90914656964889	12776	1.99588389162777
JN555585+	111759	2.47393118843241	12777	1.9975975098847
JN555585+	111761	4.81730770258381	12779	2.0000000001
JN555585+	111762	1.97709959798992	12781	2.0000000001
JN555585+	62635	2.50089823603268	12786	2.00965017013372
JN555585+	13498	2.31165975953354	12794	2.0207585602668
JN555585+	144579	2.30044836757691	12796	2.02261830276202
JN555585+	13508	5.31592935436592	12797	2.02326977942285
JN555585+	13512	2.46893050737405	12800	2.02326977942285
JN555585+	13535	2.80407979012474	12805	2.03406183617363
JN555585+	46311	1.97143084790323	12808	2.0350469471992
JN555585+	13609	2.32708980010314	12816	2.04097178115631
JN555585+	29999	1.97143084790323	12822	2.04692104748749
JN555585+	62769	2.25153876709596	12827	2.05289494853213
JN555585+	62775	1.92275700116754	12835	2.06319382658719
JN555585+	13627	2.82623293236329	12839	2.06642736183898
JN555585+	95555	1.96437609036928	12843	2.07400058154378
JN555585+	111943	6.01767102642706	12846	2.07704103586383
JN555585+	46422	1.94341647173363	12854	2.08524415042835
JN555585+	13678	2.41023651311502	12859	2.08926733819709
JN555585+	13738	2.03406183617363	12880	2.1113611090477
JN555585+	13775	2.03899413171586	12907	2.14135584934554
JN555585+	13793	2.09953567365091	12915	2.15200309354505
JN555585+	13794	3.83108777163076	12916	2.15521265002094
JN555585+	46606	4.4257639059719	12934	2.17136841841198
JN555585+	46611	3.58084639234892	12938	2.17353625509469
JN555585+	46614	2.30598655111834	12942	2.18114943920457
JN555585+	46616	2.12815635159068	12944	2.18442457123743
JN555585+	112155	2.55286165765413	12946	2.19099722516091
JN555585+	46624	1.89279039866366	12953	2.19759995998516
JN555585+	46649	2.26303440593379	12963	2.20645087756743
JN555585+	46650	2.26303440593379	12964	2.21201040290933
JN555585+	46651	3.12029423381771	12965	2.21201040290933
JN555585+	46674	2.2668867314294	12975	2.22479891914354
JN555585+	46717	3.70525673453887	12993	2.23786383019889
JN555585+	14138	1.88230495743025	13042	2.28191241613948
JN555585+	112446	1.92139016540363	13043	2.28191241613948
JN555585+	112462	2.06162865687481	13052	2.29218075159331
JN555585+	63349	2.20423305231761	13066	2.30697775387599
JN555585+	112509	3.09206055308877	13067	2.30757280201029
JN555585+	112511	7.51505441884768	13068	2.30995545332129
JN555585+	63386	2.23786383019889	13075	2.31473259358316
JN555585+	96171	3.84879616994996	13079	2.31592935436592
JN555585+	96170	5.05361822802325	13080	2.3167847917114
JN555585+	96173	8.38068919157997	13081	2.3186529629545
JN555585+	96172	4.10743424317908	13082	2.31998291186411
JN555585+	96328	2.57469416536733	13114	2.37863185295011
JN555585+	96333	2.08314123540025	13116	2.3797487493757
JN555585+	112771	2.47966755798156	13129	2.40863972818069
JN555585+	112772	2.25153876709596	13130	2.40863972818069
JN555585+	112802	2.46821753723802	13136	2.42791879067558
JN555585+	112809	2.83650126781712	13139	2.42791879067558
JN555585+	14576	3.23292308892862	13161	2.4672674581514
JN555585+	14577	2.05889368915357	13162	2.4672674581514
JN555585+	14579	2.04692104748749	13163	2.46814807223572
JN555585+	47402	2.24772715314595	13179	2.48398485309634
JN555585+	112941	2.37083769546831	13183	2.48903808082262
JN555585+	47405	3.95935801560265	13185	2.49120917986425
JN555585+	47406	2.32763421333258	13186	2.49120917986425
JN555585+	47407	7.23207166839097	13188	2.49410907037004
JN555585+	47438	3.748791029663	13216	2.53832177570237
JN555585+	47441	3.43830727870169	13219	2.54231816341266
JN555585+	96623	2.84944032352462	13240	2.57060720784409
JN555585+	80307	2.55639334862439	13263	2.62466262464141
JN555585+	47671	7.73673496601204	13305	2.71049338290502
JN555585+	47672	3.72165834147836	13306	2.71311885231184
JN555585+	47673	4.97813267718973	13307	2.71650149170649
JN555585+	14927	2.08488889768651	13314	2.73096685364476
JN555585+	14929	5.63312978328167	13315	2.73696559426621
JN555585+	14938	2.612637459264	13320	2.75077139379124
JN555585+	14941	2.28191241613948	13323	2.75849875581585
JN555585+	96866	2.33400092728794	13329	2.77266965594789
JN555585+	113280	4.53951953005999	13340	2.8001594207534
JN555585+	113282	2.08926733819709	13342	2.8008773580864
JN555585+	96904	2.36906207057846	13345	2.80366348838611
JN555585+	129701	2.30044836757691	13354	2.81603716525741
JN555585+	15013	2.76686707998007	13355	2.8211260419302
JN555585+	15048	3.36906207057846	13369	2.86249647635006
JN555585+	15049	3.83650126781712	13371	2.86249647635006
JN555585+	15051	4.5018371850023	13372	2.86488306918694
JN555585+	96974	4.33934514806477	13375	2.86906913027355
JN555585+	97001	1.9105018492609	13386	2.90238920347358
JN555585+	64249	4.41253064376827	13392	2.91492791477394
JN555585+	113569	3.28630418525664	13455	3.10248295770125
JN555585+	48073	4.6253202384373	13466	3.13750352384994
JN555585+	48076	3.8712666859778	13470	3.14328587644394
JN555585+	64504	3.14328587644394	13489	3.20986958779489
JN555585+	64506	3.0000000001	13491	3.22431729836094
JN555585+	64507	1.97143084790323	13492	3.22431729836094
JN555585+	97353	2.48398485309634	13545	3.43830727870169
JN555585+	97357	3.20986958779489	13549	3.45271470252272
JN555585+	97356	2.48398485309634	13550	3.47393118843241
JN555585+	97359	2.65896308226493	13552	3.48735170419473
JN555585+	97572	2.31165975953354	13633	3.95580019618947
JN555585+	97576	2.084160447764	13635	3.95977264271885
JN555585+	97633	3.13444316549514	13660	4.17540769787999
JN555585+	15850	2.69548895829005	13703	4.58781323337042
JN555585+	48628	2.98207809210274	13714	4.62650894631083
JN555585+	48629	3.93972198817589	13715	4.63005039034969
JN555585+	48630	6.76055241458382	13716	4.63226821559951
JN555585+	15926	2.04097178115631	13750	5.05361822802325
JN555585+	48742	2.54793176987619	13766	5.20986958779489
JN555585+	48757	2.0207585602668	13773	5.2804514590112
JN555585+	48769	2.42146376853828	13777	5.34617564123404
JN555585+	48786	4.5912147101335	13787	5.50894977761083
JN555585+	48789	3.54748779540249	13790	5.54128645623418
JN555585+	97948	2.3186529629545	13794	5.64055104515105
JN555585+	97951	2.82821465663216	13795	5.6577953808326
JN555585+	97953	8.3198537667495	13798	5.7042920437367
JN555585+	97952	3.13356048859159	13800	5.70708149290791
JN555585+	48830	2.28191241613948	13819	6.1224293460039
JN555585+	98101	1.8756718650978	13837	6.77067631518985
JN555585+	16352	2.19759995998516	13874	8.4832352531372
